date,sise,trading
2009.10.06,"18,150","861,373"
2009.10.07,"18,350","2,315,453"
2009.10.08,"19,100","756,097"
2009.10.09,"19,050","356,694"
2009.10.12,"20,300","743,216"
2009.10.13,"19,700","329,066"
2009.10.14,"20,000","221,628"
2009.10.15,"19,900","237,615"
2009.10.16,"20,800","1,581,914"
2009.10.19,"20,700","336,804"
2009.10.20,"20,050","414,890"
2009.10.21,"19,900","359,152"
2009.10.22,"19,900","365,025"
2009.10.23,"19,700","221,481"
2009.10.26,"19,750","651,056"
2009.10.27,"21,200","1,818,827"
2009.10.28,"21,550","920,033"
2009.10.29,"21,350","1,297,292"
2009.10.30,"21,400","510,207"
2009.11.02,"23,450","739,791"
2009.11.03,"21,800","788,890"
2009.11.04,"21,650","626,192"
2009.11.05,"21,500","922,396"
2009.11.06,"21,450","367,834"
2009.11.09,"21,500","324,986"
2009.11.10,"22,050","737,634"
2009.11.11,"22,600","494,723"
2009.11.12,"22,450","598,029"
2009.11.13,"23,100","1,586,718"
2009.11.16,"21,650","1,258,717"
2009.11.17,"19,900","1,076,675"
2009.11.18,"19,200","682,896"
2009.11.19,"17,750","1,594,670"
2009.11.20,"19,250","1,268,277"
2009.11.23,"18,350","1,122,468"
2009.11.24,"18,100","402,118"
2009.11.25,"18,200","233,598"
2009.11.26,"18,000","325,431"
2009.11.27,"16,100","544,496"
2009.11.30,"17,350","462,509"
2009.12.01,"17,750","295,997"
2009.12.02,"18,200","453,091"
2009.12.03,"18,350","212,498"
2009.12.04,"18,550","238,067"
2009.12.07,"18,500","378,844"
2009.12.08,"17,900","319,203"
2009.12.09,"17,950","306,417"
2009.12.10,"17,550","421,670"
2009.12.11,"17,850","372,864"
2009.12.14,"17,700","238,648"
2009.12.15,"17,600","228,040"
2009.12.16,"17,500","284,507"
2009.12.17,"18,000","628,998"
2009.12.18,"17,550","340,381"
2009.12.21,"17,100","468,588"
2009.12.22,"16,750","309,617"
2009.12.23,"15,850","1,410,667"
2009.12.24,"15,700","381,847"
2009.12.28,"14,750","662,778"
2009.12.29,"15,900","1,047,218"
2009.12.30,"15,850","284,023"
2010.01.04,"15,000","525,849"
2010.01.05,"15,000","336,486"
2010.01.06,"15,450","562,317"
2010.01.07,"15,550","655,156"
2010.01.08,"16,000","428,497"
2010.01.11,"15,550","568,469"
2010.01.12,"15,600","210,409"
2010.01.13,"16,050","1,135,218"
2010.01.14,"15,950","366,088"
2010.01.15,"16,300","585,266"
2010.01.18,"16,600","489,479"
2010.01.19,"16,000","471,060"
2010.01.20,"15,650","489,858"
2010.01.21,"15,800","601,994"
2010.01.22,"15,600","294,114"
2010.01.25,"14,850","346,830"
2010.01.26,"15,050","708,595"
2010.01.27,"15,000","192,953"
2010.01.28,"14,750","273,900"
2010.01.29,"13,700","340,617"
2010.02.01,"13,100","389,629"
2010.02.02,"13,150","233,709"
2010.02.03,"13,850","221,989"
2010.02.04,"13,800","118,129"
2010.02.05,"13,100","239,163"
2010.02.08,"12,900","235,177"
2010.02.09,"12,700","231,151"
2010.02.10,"12,900","515,904"
2010.02.11,"13,200","182,697"
2010.02.12,"13,050","151,916"
2010.02.16,"13,100","127,646"
2010.02.17,"14,950","1,554,600"
2010.02.18,"14,100","1,302,169"
2010.02.19,"13,650","398,759"
2010.02.22,"13,950","244,735"
2010.02.23,"14,000","335,849"
2010.02.24,"14,050","270,678"
2010.02.25,"13,600","180,140"
2010.02.26,"13,950","134,601"
2010.03.02,"14,150","427,370"
2010.03.03,"14,050","150,696"
2010.03.04,"14,350","850,781"
2010.03.05,"14,200","323,284"
2010.03.08,"14,500","684,084"
2010.03.09,"14,350","432,554"
2010.03.10,"14,050","351,812"
2010.03.11,"14,300","670,498"
2010.03.12,"14,050","314,713"
2010.03.15,"13,800","323,157"
2010.03.16,"13,750","219,182"
2010.03.17,"13,800","277,596"
2010.03.18,"13,850","236,857"
2010.03.19,"14,250","465,561"
2010.03.22,"14,350","492,663"
2010.03.23,"14,050","294,927"
2010.03.24,"14,400","2,304,419"
2010.03.25,"14,200","382,929"
2010.03.26,"14,150","264,060"
2010.03.29,"13,800","294,286"
2010.03.30,"13,950","178,993"
2010.03.31,"13,750","264,047"
2010.04.01,"13,700","212,828"
2010.04.02,"13,250","361,301"
2010.04.05,"12,850","293,630"
2010.04.06,"12,700","170,557"
2010.04.07,"12,800","199,372"
2010.04.08,"13,150","129,447"
2010.04.09,"13,000","111,981"
2010.04.12,"13,050","185,497"
2010.04.13,"13,100","410,454"
2010.04.14,"12,950","155,072"
2010.04.15,"13,000","131,573"
2010.04.16,"13,550","694,449"
2010.04.19,"13,150","204,212"
2010.04.20,"13,650","582,606"
2010.04.21,"13,500","272,970"
2010.04.22,"13,300","181,856"
2010.04.23,"13,050","225,321"
2010.04.26,"13,150","184,840"
2010.04.27,"13,200","109,730"
2010.04.28,"12,850","220,983"
2010.04.29,"12,900","389,761"
2010.04.30,"12,750","204,752"
2010.05.03,"12,300","219,981"
2010.05.04,"11,850","283,959"
2010.05.06,"11,150","325,703"
2010.05.07,"10,600","347,818"
2010.05.10,"10,950","169,685"
2010.05.11,"10,950","230,513"
2010.05.12,"10,600","140,667"
2010.05.13,"10,300","277,307"
2010.05.14,"10,200","257,030"
2010.05.17,"9,020","698,421"
2010.05.18,"9,090","330,823"
2010.05.19,"9,010","262,334"
2010.05.20,"8,470","267,088"
2010.05.24,"8,540","239,832"
2010.05.25,"7,700","366,893"
2010.05.26,"8,170","253,209"
2010.05.27,"8,600","209,209"
2010.05.28,"8,750","164,301"
2010.05.31,"9,070","209,051"
2010.06.01,"9,030","151,935"
2010.06.03,"9,210","98,398"
2010.06.04,"9,090","95,358"
2010.06.07,"8,660","119,059"
2010.06.08,"9,050","152,444"
2010.06.09,"9,060","102,211"
2010.06.10,"10,400","774,182"
2010.06.11,"10,650","1,524,430"
2010.06.14,"10,950","980,586"
2010.06.15,"10,900","785,167"
2010.06.16,"10,200","588,788"
2010.06.17,"10,200","410,203"
2010.06.18,"9,750","368,067"
2010.06.21,"9,900","228,436"
2010.06.22,"9,660","229,867"
2010.06.23,"10,150","724,977"
2010.06.24,"10,100","398,696"
2010.06.25,"9,870","210,823"
2010.06.28,"9,870","128,094"
2010.06.29,"9,560","254,861"
2010.06.30,"9,450","149,745"
2010.07.01,"9,470","131,242"
2010.07.02,"9,390","169,865"
2010.07.05,"10,400","938,972"
2010.07.06,"10,250","350,370"
2010.07.07,"10,500","1,095,076"
2010.07.08,"10,650","288,251"
2010.07.09,"10,250","279,273"
2010.07.12,"10,250","193,714"
2010.07.13,"10,050","224,650"
2010.07.14,"10,400","363,045"
2010.07.15,"10,250","436,513"
2010.07.16,"10,050","307,736"
2010.07.19,"10,000","136,193"
2010.07.20,"10,400","278,180"
2010.07.21,"10,600","872,568"
2010.07.22,"10,400","453,319"
2010.07.23,"10,550","363,162"
2010.07.26,"10,650","632,056"
2010.07.27,"10,550","194,909"
2010.07.28,"10,550","249,398"
2010.07.29,"11,100","769,153"
2010.07.30,"10,600","691,127"
2010.08.02,"10,500","362,480"
2010.08.03,"10,300","373,924"
2010.08.04,"10,250","181,781"
2010.08.05,"10,450","262,067"
2010.08.06,"10,200","331,582"
2010.08.09,"10,350","310,838"
2010.08.10,"10,800","799,496"
2010.08.11,"10,500","361,948"
2010.08.12,"10,200","190,482"
2010.08.13,"10,300","196,109"
2010.08.16,"10,250","111,528"
2010.08.17,"10,250","256,708"
2010.08.18,"10,150","241,197"
2010.08.19,"9,600","677,899"
2010.08.20,"9,500","243,421"
2010.08.23,"9,400","138,936"
2010.08.24,"9,100","455,062"
2010.08.25,"9,100","129,708"
2010.08.26,"9,280","349,912"
2010.08.27,"9,190","123,541"
2010.08.30,"9,220","138,164"
2010.08.31,"9,000","146,531"
2010.09.01,"9,140","223,759"
2010.09.02,"9,300","121,986"
2010.09.03,"9,320","113,724"
2010.09.06,"9,310","125,842"
2010.09.07,"9,160","131,778"
2010.09.08,"9,030","108,222"
2010.09.09,"9,010","92,347"
2010.09.10,"9,100","109,748"
2010.09.13,"9,150","125,088"
2010.09.14,"9,110","140,168"
2010.09.15,"9,640","1,269,278"
2010.09.16,"9,300","377,484"
2010.09.17,"9,240","263,774"
2010.09.20,"9,130","169,100"
2010.09.24,"9,170","156,417"
2010.09.27,"9,120","253,010"
2010.09.28,"9,210","647,151"
2010.09.29,"9,110","297,961"
2010.09.30,"9,120","388,168"
2010.10.01,"9,170","602,437"
2010.10.04,"9,090","502,592"
2010.10.05,"8,790","547,317"
2010.10.06,"8,470","749,845"
2010.10.07,"8,330","450,147"
2010.10.08,"8,420","454,615"
2010.10.11,"8,450","461,086"
2010.10.12,"8,300","272,158"
2010.10.13,"9,220","3,371,261"
2010.10.14,"9,590","6,386,241"
2010.10.15,"9,450","2,691,854"
2010.10.18,"9,500","2,692,546"
2010.10.19,"9,670","1,872,395"
2010.10.20,"9,930","3,247,770"
2010.10.21,"9,670","1,224,574"
2010.10.22,"9,470","1,315,218"
2010.10.25,"9,320","1,130,005"
2010.10.26,"9,290","628,345"
2010.10.27,"9,460","891,696"
2010.10.28,"9,290","477,981"
2010.10.29,"9,060","980,865"
2010.11.01,"8,900","723,430"
2010.11.02,"8,850","2,106,480"
2010.11.03,"8,750","1,123,783"
2010.11.04,"8,520","816,980"
2010.11.05,"8,520","412,802"
2010.11.08,"8,640","278,085"
2010.11.09,"8,460","395,573"
2010.11.10,"8,220","906,458"
2010.11.11,"7,930","582,560"
2010.11.12,"7,550","629,828"
2010.11.15,"6,580","1,645,753"
2010.11.16,"6,620","530,209"
2010.11.17,"6,860","468,827"
2010.11.18,"6,810","207,574"
2010.11.19,"7,030","991,981"
2010.11.22,"6,950","208,247"
2010.11.23,"6,700","256,574"
2010.11.24,"6,390","449,550"
2010.11.25,"6,530","232,661"
2010.11.26,"6,210","262,289"
2010.11.29,"6,230","225,087"
2010.11.30,"6,390","591,940"
2010.12.01,"6,420","146,785"
2010.12.02,"6,410","151,565"
2010.12.03,"6,280","165,878"
2010.12.06,"6,350","106,775"
2010.12.07,"6,460","164,844"
2010.12.08,"6,280","146,680"
2010.12.09,"6,280","109,413"
2010.12.10,"6,360","212,192"
2010.12.13,"6,430","185,804"
2010.12.14,"6,680","787,123"
2010.12.15,"6,580","255,079"
2010.12.16,"6,750","458,590"
2010.12.17,"6,680","253,782"
2010.12.20,"6,430","316,716"
2010.12.21,"6,480","177,824"
2010.12.22,"6,320","183,894"
2010.12.23,"6,340","408,088"
2010.12.24,"6,270","169,447"
2010.12.27,"6,280","111,129"
2010.12.28,"6,180","188,791"
2010.12.29,"6,300","266,484"
2010.12.30,"6,290","149,854"
2011.01.03,"6,680","722,780"
2011.01.04,"7,680","2,238,404"
2011.01.05,"8,030","3,514,514"
2011.01.06,"7,670","1,338,417"
2011.01.07,"7,370","971,215"
2011.01.10,"7,470","883,547"
2011.01.11,"7,800","1,219,515"
2011.01.12,"7,840","1,171,768"
2011.01.13,"7,660","363,166"
2011.01.14,"7,940","1,287,671"
2011.01.17,"7,720","452,165"
2011.01.18,"7,500","417,544"
2011.01.19,"7,450","277,089"
2011.01.20,"7,500","322,201"
2011.01.21,"7,350","247,538"
2011.01.24,"7,220","196,824"
2011.01.25,"7,300","773,383"
2011.01.26,"7,100","251,792"
2011.01.27,"6,990","224,225"
2011.01.28,"6,730","310,075"
2011.01.31,"6,480","291,152"
2011.02.01,"6,610","178,151"
2011.02.07,"6,750","216,216"
2011.02.08,"6,750","126,348"
2011.02.09,"6,440","244,645"
2011.02.10,"6,400","150,419"
2011.02.11,"6,150","343,554"
2011.02.14,"5,750","380,695"
2011.02.15,"5,770","194,994"
2011.02.16,"5,000","870,697"
2011.02.17,"4,385","907,273"
2011.02.18,"4,545","445,071"
2011.02.21,"4,575","293,094"
2011.02.22,"4,720","581,681"
2011.02.23,"5,420","1,165,910"
2011.02.24,"6,230","3,461,594"
2011.02.25,"5,300","2,064,978"
2011.02.28,"5,030","919,031"
2011.03.02,"5,780","3,057,045"
2011.03.03,"5,450","4,492,181"
2011.03.04,"5,300","1,198,805"
2011.03.07,"5,900","3,245,606"
2011.03.08,"5,380","2,173,696"
2011.03.09,"5,310","2,311,914"
2011.03.10,"5,590","1,054,963"
2011.03.11,"5,710","2,051,890"
2011.03.14,"6,560","346,701"
2011.03.15,"7,540","9,065,312"
2011.03.16,"6,530","13,611,119"
2011.03.17,"6,060","6,813,737"
2011.03.18,"5,890","3,474,397"
2011.03.21,"5,990","2,828,060"
2011.03.22,"5,520","2,630,194"
2011.03.23,"4,700","2,861,477"
2011.03.24,"4,750","2,056,542"
2011.03.25,"4,980","2,362,282"
2011.03.28,"4,805","1,168,222"
2011.03.29,"4,805","975,639"
2011.03.30,"4,740","896,876"
2011.03.31,"4,720","528,057"
2011.04.01,"4,800","986,952"
2011.04.04,"5,010","1,197,622"
2011.04.05,"4,975","602,811"
2011.04.06,"4,855","557,567"
2011.04.07,"4,810","388,728"
2011.04.08,"5,000","1,416,356"
2011.04.11,"4,595","3,057,234"
2011.04.12,"4,565","2,140,475"
2011.04.13,"4,550","367,041"
2011.04.14,"4,455","477,978"
2011.04.15,"4,435","390,522"
2011.04.18,"4,155","868,402"
2011.04.19,"3,810","1,217,806"
2011.04.20,"3,975","987,232"
2011.04.21,"3,820","508,133"
2011.04.22,"3,820","425,503"
2011.04.25,"3,830","257,498"
2011.04.26,"3,525","641,739"
2011.04.27,"3,170","1,327,826"
2011.04.28,"3,310","900,753"
2011.04.29,"3,185","481,544"
2011.05.02,"3,330","292,394"
2011.05.03,"3,825","1,198,176"
2011.05.04,"4,075","2,552,261"
2011.05.06,"3,730","1,112,212"
2011.05.09,"3,900","768,132"
2011.05.11,"4,170","1,526,172"
2011.05.12,"4,070","786,064"
2011.05.13,"3,790","527,038"
2011.05.16,"3,990","461,383"
2011.05.17,"4,200","1,886,031"
2011.05.18,"4,270","955,185"
2011.05.19,"4,240","825,907"
2011.05.20,"4,450","924,575"
2011.05.23,"4,620","3,507,019"
2011.05.24,"5,310","287,581"
2011.05.25,"6,100","1,372,953"
2011.05.26,"6,350","8,754,818"
2011.05.27,"6,830","6,426,891"
2011.05.30,"6,950","4,507,912"
2011.05.31,"6,770","4,232,550"
2011.06.01,"6,070","3,583,389"
2011.06.02,"6,460","3,127,097"
2011.06.03,"5,870","1,606,240"
2011.06.07,"6,240","1,968,040"
2011.06.08,"5,910","807,383"
2011.06.09,"6,790","3,197,088"
2011.06.10,"7,170","6,331,593"
2011.06.13,"6,880","2,298,847"
2011.06.14,"6,740","1,784,460"
2011.06.15,"6,650","1,385,174"
2011.06.16,"6,720","1,238,717"
2011.06.17,"6,410","1,144,301"
2011.06.20,"6,370","1,144,799"
2011.06.21,"6,500","760,982"
2011.06.22,"6,160","861,377"
2011.06.23,"6,360","1,820,264"
2011.06.24,"6,350","768,328"
2011.06.27,"6,230","485,660"
2011.06.28,"6,240","1,082,480"
2011.06.29,"6,240","790,975"
2011.06.30,"6,380","618,785"
2011.07.01,"6,380","785,235"
2011.07.04,"6,400","419,451"
2011.07.05,"6,310","620,219"
2011.07.06,"6,310","589,797"
2011.07.07,"6,250","398,166"
2011.07.08,"6,670","1,374,016"
2011.07.11,"7,200","2,802,826"
2011.07.12,"7,470","2,514,881"
2011.07.13,"7,350","1,318,755"
2011.07.14,"7,120","1,665,075"
2011.07.15,"7,110","1,157,340"
2011.07.18,"7,320","776,755"
2011.07.19,"7,280","764,219"
2011.07.20,"6,920","1,299,712"
2011.07.21,"7,950","3,994,026"
2011.07.22,"8,400","5,144,037"
2011.07.25,"7,910","2,169,301"
2011.07.26,"7,760","1,420,212"
2011.07.27,"7,930","870,921"
2011.07.28,"7,800","671,244"
2011.07.29,"7,800","946,320"
2011.08.01,"7,600","869,830"
2011.08.02,"7,120","1,316,778"
2011.08.03,"7,150","824,712"
2011.08.04,"6,770","566,830"
2011.08.05,"6,010","719,529"
2011.08.08,"5,110","1,111,724"
2011.08.09,"5,450","1,648,186"
2011.08.10,"5,820","1,705,778"
2011.08.11,"5,800","1,115,846"
2011.08.12,"5,750","913,517"
2011.08.16,"6,200","1,221,037"
2011.08.17,"6,290","1,092,681"
2011.08.18,"6,280","736,684"
2011.08.19,"5,700","730,223"
2011.08.22,"5,620","396,442"
2011.08.23,"5,860","654,436"
2011.08.24,"5,850","484,806"
2011.08.25,"5,910","416,325"
2011.08.26,"5,870","536,775"
2011.08.29,"6,190","1,111,080"
2011.08.30,"6,380","694,275"
2011.08.31,"6,420","440,230"
2011.09.01,"6,370","892,693"
2011.09.02,"6,250","352,175"
2011.09.05,"6,000","307,530"
2011.09.06,"5,450","582,158"
2011.09.07,"5,700","238,866"
2011.09.08,"5,580","264,168"
2011.09.09,"5,550","164,622"
2011.09.14,"5,090","267,878"
2011.09.15,"4,970","276,390"
2011.09.16,"5,200","245,644"
2011.09.19,"5,050","208,957"
2011.09.20,"5,020","179,166"
2011.09.21,"5,190","257,998"
2011.09.22,"4,990","196,146"
2011.09.23,"4,555","358,075"
2011.09.26,"3,915","534,859"
2011.09.27,"4,285","262,355"
2011.09.28,"4,380","255,868"
2011.09.29,"4,555","122,487"
2011.09.30,"4,975","423,972"
2011.10.04,"4,550","310,630"
2011.10.05,"4,400","224,690"
2011.10.06,"4,630","205,665"
2011.10.07,"4,935","305,671"
2011.10.10,"4,950","220,795"
2011.10.11,"4,850","230,457"
2011.10.12,"5,290","693,406"
2011.10.13,"5,180","444,496"
2011.10.14,"5,030","241,781"
2011.10.17,"5,350","363,378"
2011.10.18,"5,190","258,497"
2011.10.19,"5,240","169,629"
2011.10.20,"5,310","988,328"
2011.10.21,"5,410","228,500"
2011.10.24,"5,490","291,444"
2011.10.25,"5,450","365,978"
2011.10.26,"5,410","338,252"
2011.10.27,"5,390","253,998"
2011.10.28,"5,400","419,082"
2011.10.31,"5,320","181,518"
2011.11.01,"5,160","215,510"
2011.11.02,"4,965","213,654"
2011.11.03,"4,790","257,338"
2011.11.04,"5,100","263,514"
2011.11.07,"5,420","653,036"
2011.11.08,"5,400","303,586"
2011.11.09,"5,410","262,615"
2011.11.10,"5,160","197,152"
2011.11.11,"5,490","2,574,105"
2011.11.14,"5,520","631,884"
2011.11.15,"5,350","457,432"
2011.11.16,"5,300","378,552"
2011.11.17,"5,480","231,296"
2011.11.18,"5,950","936,318"
2011.11.21,"6,200","960,534"
2011.11.22,"6,220","876,667"
2011.11.23,"5,800","712,401"
2011.11.24,"5,600","407,584"
2011.11.25,"5,300","409,853"
2011.11.28,"5,270","175,521"
2011.11.29,"5,320","193,050"
2011.11.30,"5,170","225,557"
2011.12.01,"5,280","254,251"
2011.12.02,"5,180","254,915"
2011.12.05,"5,150","204,284"
2011.12.06,"5,190","149,172"
2011.12.07,"5,390","283,072"
2011.12.08,"5,510","214,418"
2011.12.09,"5,770","456,008"
2011.12.12,"5,970","1,845,653"
2011.12.13,"6,860","5,138,943"
2011.12.14,"6,840","2,608,959"
2011.12.15,"6,780","1,458,021"
2011.12.16,"7,060","999,555"
2011.12.19,"6,400","1,197,362"
2011.12.20,"7,050","796,926"
2011.12.21,"7,110","1,220,804"
2011.12.22,"7,280","489,376"
2011.12.23,"7,250","498,103"
2011.12.26,"7,000","485,690"
2011.12.27,"7,050","483,008"
2011.12.28,"7,250","563,567"
2011.12.29,"8,000","881,300"
2012.01.02,"7,930","874,208"
2012.01.03,"7,820","715,242"
2012.01.04,"7,690","614,645"
2012.01.05,"7,520","659,272"
2012.01.06,"7,810","739,086"
2012.01.09,"7,810","969,856"
2012.01.10,"8,050","570,654"
2012.01.11,"7,900","645,701"
2012.01.12,"7,900","514,278"
2012.01.13,"7,680","346,075"
2012.01.16,"7,340","464,445"
2012.01.17,"7,500","446,469"
2012.01.18,"7,560","791,348"
2012.01.19,"7,410","277,793"
2012.01.20,"7,300","463,418"
2012.01.25,"7,300","332,439"
2012.01.26,"7,390","251,882"
2012.01.27,"7,250","224,783"
2012.01.30,"7,090","208,814"
2012.01.31,"7,000","242,697"
2012.02.01,"7,150","269,143"
2012.02.02,"7,050","277,996"
2012.02.03,"7,060","140,451"
2012.02.06,"6,950","286,090"
2012.02.07,"6,890","342,360"
2012.02.08,"7,150","356,911"
2012.02.09,"7,270","227,074"
2012.02.10,"7,430","904,079"
2012.02.13,"7,600","503,293"
2012.02.14,"7,650","255,721"
2012.02.15,"7,470","265,111"
2012.02.16,"7,330","297,686"
2012.02.17,"7,400","240,698"
2012.02.20,"7,400","306,228"
2012.02.21,"7,930","959,731"
2012.02.22,"8,290","1,882,031"
2012.02.23,"8,840","1,951,319"
2012.02.24,"9,000","1,579,772"
2012.02.27,"8,720","1,917,929"
2012.02.28,"9,000","1,227,102"
2012.02.29,"8,800","518,705"
2012.03.02,"8,770","420,489"
2012.03.05,"8,840","464,331"
2012.03.06,"8,450","619,054"
2012.03.07,"8,480","245,486"
2012.03.08,"8,950","839,769"
2012.03.09,"8,950","607,529"
2012.03.12,"8,700","403,441"
2012.03.13,"8,530","644,759"
2012.03.14,"8,080","1,447,976"
2012.03.15,"8,170","626,926"
2012.03.16,"8,010","228,379"
2012.03.19,"7,650","658,837"
2012.03.20,"7,650","439,047"
2012.03.21,"7,260","632,265"
2012.03.22,"7,140","416,861"
2012.03.23,"7,350","672,736"
2012.03.26,"7,640","614,286"
2012.03.27,"7,290","364,606"
2012.03.28,"7,100","250,272"
2012.03.29,"6,930","237,267"
2012.03.30,"6,760","292,210"
2012.04.02,"7,010","269,666"
2012.04.03,"6,960","245,392"
2012.04.04,"6,920","240,976"
2012.04.05,"6,960","157,367"
2012.04.06,"6,960","132,034"
2012.04.09,"6,520","173,025"
2012.04.10,"6,320","425,086"
2012.04.12,"6,140","214,105"
2012.04.13,"6,450","146,248"
2012.04.16,"6,530","175,718"
2012.04.17,"6,700","148,584"
2012.04.18,"6,680","100,606"
2012.04.19,"6,580","112,059"
2012.04.20,"6,270","98,379"
2012.04.23,"6,260","71,142"
2012.04.24,"6,150","97,461"
2012.04.25,"6,110","68,983"
2012.04.26,"6,040","123,373"
2012.04.27,"6,070","77,148"
2012.04.30,"6,420","204,881"
2012.05.02,"6,750","238,425"
2012.05.03,"6,740","117,533"
2012.05.04,"6,800","87,659"
2012.05.07,"7,100","305,392"
2012.05.08,"7,100","152,489"
2012.05.09,"7,000","175,744"
2012.05.10,"6,890","94,513"
2012.05.11,"6,740","147,400"
2012.05.14,"6,470","125,018"
2012.05.15,"6,550","97,012"
2012.05.16,"6,450","122,253"
2012.05.17,"6,640","96,039"
2012.05.18,"6,750","259,583"
2012.05.21,"6,950","215,676"
2012.05.22,"7,040","179,497"
2012.05.23,"7,370","564,924"
2012.05.24,"7,290","291,460"
2012.05.25,"8,160","1,071,570"
2012.05.29,"8,160","482,304"
2012.05.30,"7,480","2,809,544"
2012.05.31,"7,340","630,142"
2012.06.01,"7,340","701,660"
2012.06.04,"6,670","388,004"
2012.06.05,"6,780","149,869"
2012.06.07,"6,820","191,365"
2012.06.08,"6,820","176,104"
2012.06.11,"6,990","163,598"
2012.06.12,"7,200","728,458"
2012.06.13,"6,990","216,053"
2012.06.14,"6,890","115,614"
2012.06.15,"6,820","129,171"
2012.06.18,"7,000","128,114"
2012.06.19,"7,150","201,251"
2012.06.20,"7,000","172,636"
2012.06.21,"6,900","128,292"
2012.06.22,"6,840","199,487"
2012.06.25,"6,960","88,042"
2012.06.26,"6,890","97,341"
2012.06.27,"6,680","154,110"
2012.06.28,"6,790","103,058"
2012.06.29,"7,190","960,257"
2012.07.02,"7,280","364,599"
2012.07.03,"7,600","614,646"
2012.07.04,"7,690","301,415"
2012.07.05,"7,890","915,222"
2012.07.06,"7,840","284,574"
2012.07.09,"7,770","260,511"
2012.07.10,"7,600","242,431"
2012.07.11,"7,830","248,975"
2012.07.12,"7,710","256,842"
2012.07.13,"7,760","452,552"
2012.07.16,"7,850","399,917"
2012.07.17,"7,860","218,595"
2012.07.18,"7,810","486,389"
2012.07.19,"7,820","271,076"
2012.07.20,"7,830","219,420"
2012.07.23,"7,690","171,669"
2012.07.24,"7,550","178,961"
2012.07.25,"7,280","170,621"
2012.07.26,"7,410","131,152"
2012.07.27,"7,510","154,871"
2012.07.30,"7,520","117,749"
2012.07.31,"7,500","156,981"
2012.08.01,"7,420","94,501"
2012.08.02,"7,380","129,344"
2012.08.03,"7,680","402,062"
2012.08.06,"7,760","215,592"
2012.08.07,"8,180","914,933"
2012.08.08,"8,000","523,856"
2012.08.09,"8,220","557,113"
2012.08.10,"8,100","192,326"
2012.08.13,"8,200","253,935"
2012.08.14,"8,180","253,875"
2012.08.16,"8,080","175,940"
2012.08.17,"7,960","201,679"
2012.08.20,"7,860","340,490"
2012.08.21,"7,770","251,659"
2012.08.22,"7,900","442,623"
2012.08.23,"8,350","957,674"
2012.08.24,"8,270","323,426"
2012.08.27,"8,410","536,243"
2012.08.28,"8,460","359,961"
2012.08.29,"8,800","957,397"
2012.08.30,"8,670","532,851"
2012.08.31,"8,550","737,247"
2012.09.03,"8,600","456,127"
2012.09.04,"9,200","1,648,208"
2012.09.05,"9,500","1,547,122"
2012.09.06,"9,700","1,116,014"
2012.09.07,"9,800","654,507"
2012.09.10,"10,150","990,603"
2012.09.11,"9,900","881,248"
2012.09.12,"9,610","654,096"
2012.09.13,"9,620","1,003,823"
2012.09.14,"9,330","1,083,403"
2012.09.17,"9,560","565,470"
2012.09.18,"9,600","615,982"
2012.09.19,"9,450","425,263"
2012.09.20,"9,320","480,737"
2012.09.21,"9,000","643,968"
2012.09.24,"9,050","704,402"
2012.09.25,"8,880","390,734"
2012.09.26,"8,830","322,941"
2012.09.27,"8,860","266,609"
2012.09.28,"9,000","257,464"
2012.10.02,"8,800","310,803"
2012.10.04,"8,850","246,837"
2012.10.05,"8,620","346,286"
2012.10.08,"8,450","354,271"
2012.10.09,"8,850","504,231"
2012.10.10,"8,690","218,176"
2012.10.11,"8,850","327,845"
2012.10.12,"9,010","272,925"
2012.10.15,"8,600","362,141"
2012.10.16,"8,550","220,543"
2012.10.17,"8,480","273,796"
2012.10.18,"8,230","599,255"
2012.10.19,"7,910","386,314"
2012.10.22,"8,130","162,572"
2012.10.23,"7,950","182,521"
2012.10.24,"7,900","108,838"
2012.10.25,"8,150","220,576"
2012.10.26,"7,690","223,321"
2012.10.29,"7,550","243,401"
2012.10.30,"7,660","118,558"
2012.10.31,"7,750","109,979"
2012.11.01,"7,730","69,687"
2012.11.02,"7,950","125,258"
2012.11.05,"7,900","141,835"
2012.11.06,"8,100","154,395"
2012.11.07,"8,330","239,653"
2012.11.08,"8,210","147,419"
2012.11.09,"8,220","111,725"
2012.11.12,"8,310","270,587"
2012.11.13,"8,130","396,646"
2012.11.14,"7,810","284,030"
2012.11.15,"7,550","233,495"
2012.11.16,"7,470","166,730"
2012.11.19,"7,500","145,137"
2012.11.20,"7,460","152,622"
2012.11.21,"7,100","274,672"
2012.11.22,"7,170","160,212"
2012.11.23,"7,350","287,167"
2012.11.26,"7,100","158,244"
2012.11.27,"7,300","143,730"
2012.11.28,"7,200","148,377"
2012.11.29,"7,080","136,057"
2012.11.30,"7,540","761,394"
2012.12.03,"7,590","159,033"
2012.12.04,"7,600","159,213"
2012.12.05,"7,500","132,452"
2012.12.06,"7,360","112,803"
2012.12.07,"7,340","119,291"
2012.12.10,"7,390","81,806"
2012.12.11,"7,250","86,207"
2012.12.12,"7,380","122,705"
2012.12.13,"7,610","296,050"
2012.12.14,"7,560","135,400"
2012.12.17,"7,200","205,816"
2012.12.18,"7,270","178,744"
2012.12.20,"7,070","154,226"
2012.12.21,"6,990","217,196"
2012.12.24,"6,650","229,181"
2012.12.26,"6,720","207,954"
2012.12.27,"6,840","105,317"
2012.12.28,"6,850","127,139"
2013.01.02,"6,900","136,043"
2013.01.03,"6,800","123,753"
2013.01.04,"6,900","128,418"
2013.01.07,"6,910","98,460"
2013.01.08,"7,030","140,461"
2013.01.09,"7,000","115,308"
2013.01.10,"6,910","113,237"
2013.01.11,"6,680","331,359"
2013.01.14,"6,880","476,582"
2013.01.15,"6,660","288,141"
2013.01.16,"6,330","393,278"
2013.01.17,"6,230","229,395"
2013.01.18,"6,170","186,754"
2013.01.21,"6,120","202,060"
2013.01.22,"6,250","169,260"
2013.01.23,"6,130","171,706"
2013.01.24,"5,850","336,587"
2013.01.25,"5,940","148,602"
2013.01.28,"5,860","86,349"
2013.01.29,"5,800","130,547"
2013.01.30,"5,680","144,362"
2013.01.31,"5,600","166,383"
2013.02.01,"5,330","348,291"
2013.02.04,"6,120","1,146,428"
2013.02.05,"6,020","602,018"
2013.02.06,"6,240","681,160"
2013.02.07,"6,070","190,859"
2013.02.08,"6,020","140,692"
2013.02.12,"6,050","151,217"
2013.02.13,"6,180","142,159"
2013.02.14,"6,300","428,365"
2013.02.15,"6,300","134,648"
2013.02.18,"6,400","171,316"
2013.02.19,"6,410","150,850"
2013.02.20,"6,320","201,791"
2013.02.21,"6,120","173,009"
2013.02.22,"6,220","160,579"
2013.02.25,"6,130","106,733"
2013.02.26,"6,010","221,470"
2013.02.27,"6,040","166,917"
2013.02.28,"6,400","324,775"
2013.03.04,"6,280","182,695"
2013.03.05,"6,510","370,149"
2013.03.06,"6,520","193,675"
2013.03.07,"6,460","380,281"
2013.03.08,"6,610","364,786"
2013.03.11,"6,480","229,590"
2013.03.12,"6,500","130,867"
2013.03.13,"6,680","348,586"
2013.03.14,"6,700","191,052"
2013.03.15,"6,620","150,512"
2013.03.18,"6,280","266,524"
2013.03.19,"6,580","229,479"
2013.03.20,"6,720","495,242"
2013.03.21,"6,800","337,626"
2013.03.22,"7,180","520,740"
2013.03.25,"7,210","310,562"
2013.03.26,"7,090","316,688"
2013.03.27,"6,820","370,704"
2013.03.28,"6,900","152,012"
2013.03.29,"6,810","168,960"
2013.04.01,"6,560","218,961"
2013.04.02,"6,570","169,977"
2013.04.03,"6,740","230,832"
2013.04.04,"6,500","266,955"
2013.04.05,"6,200","263,500"
2013.04.08,"5,940","199,115"
2013.04.09,"5,980","177,246"
2013.04.10,"6,180","108,913"
2013.04.11,"6,200","113,627"
2013.04.12,"6,040","132,751"
2013.04.15,"6,100","134,718"
2013.04.16,"6,060","199,066"
2013.04.17,"5,890","172,395"
2013.04.18,"5,840","182,633"
2013.04.19,"5,230","399,179"
2013.04.22,"5,500","502,377"
2013.04.23,"5,610","210,909"
2013.04.24,"5,700","136,808"
2013.04.25,"5,710","154,695"
2013.04.26,"5,670","112,088"
2013.04.29,"5,550","135,758"
2013.04.30,"5,610","163,628"
2013.05.02,"5,770","187,535"
2013.05.03,"5,710","125,145"
2013.05.06,"5,850","243,572"
2013.05.07,"5,990","185,831"
2013.05.08,"6,000","160,888"
2013.05.09,"6,020","122,519"
2013.05.10,"5,950","112,290"
2013.05.13,"5,800","83,405"
2013.05.14,"5,800","87,401"
2013.05.15,"5,910","80,755"
2013.05.16,"6,080","179,168"
2013.05.20,"6,170","191,556"
2013.05.21,"6,170","168,894"
2013.05.22,"6,120","168,801"
2013.05.23,"6,010","125,225"
2013.05.24,"6,020","90,323"
2013.05.27,"5,960","106,924"
2013.05.28,"5,980","158,629"
2013.05.29,"5,970","192,346"
2013.05.30,"5,840","154,735"
2013.05.31,"5,900","230,865"
2013.06.03,"5,770","95,842"
2013.06.04,"5,550","167,332"
2013.06.05,"5,360","236,031"
2013.06.07,"5,190","194,356"
2013.06.10,"5,330","88,706"
2013.06.11,"5,210","118,289"
2013.06.12,"5,200","70,719"
2013.06.13,"5,010","135,142"
2013.06.14,"5,050","98,809"
2013.06.17,"5,150","598,258"
2013.06.18,"5,160","84,953"
2013.06.19,"5,070","168,162"
2013.06.20,"4,810","180,716"
2013.06.21,"4,720","199,276"
2013.06.24,"4,740","92,230"
2013.06.25,"4,345","126,341"
2013.06.26,"4,475","92,515"
2013.06.27,"4,600","131,626"
2013.06.28,"4,615","71,372"
2013.07.01,"4,640","58,834"
2013.07.02,"4,710","58,392"
2013.07.03,"4,595","87,336"
2013.07.04,"4,615","45,722"
2013.07.05,"4,510","82,770"
2013.07.08,"4,535","48,935"
2013.07.09,"4,550","57,748"
2013.07.10,"4,450","68,015"
2013.07.11,"4,550","122,483"
2013.07.12,"4,800","211,313"
2013.07.15,"4,800","74,751"
2013.07.16,"5,000","193,037"
2013.07.17,"5,010","167,091"
2013.07.18,"5,130","149,100"
2013.07.19,"5,100","95,706"
2013.07.22,"4,870","144,364"
2013.07.23,"4,965","63,334"
2013.07.24,"4,960","47,339"
2013.07.25,"4,955","50,101"
2013.07.26,"4,940","87,830"
2013.07.29,"4,865","58,399"
2013.07.30,"4,865","53,059"
2013.07.31,"4,890","49,447"
2013.08.01,"5,020","70,843"
2013.08.02,"5,050","145,599"
2013.08.05,"4,970","88,297"
2013.08.06,"4,910","109,254"
2013.08.07,"4,755","163,462"
2013.08.08,"4,700","119,495"
2013.08.09,"4,730","74,691"
2013.08.12,"4,675","128,396"
2013.08.13,"4,675","104,860"
2013.08.14,"4,700","38,623"
2013.08.16,"4,725","66,613"
2013.08.19,"4,780","77,574"
2013.08.20,"4,600","129,639"
2013.08.21,"4,425","168,631"
2013.08.22,"4,250","131,378"
2013.08.23,"4,480","76,561"
2013.08.26,"4,580","78,885"
2013.08.27,"4,440","87,490"
2013.08.28,"4,350","69,392"
2013.08.29,"4,405","54,102"
2013.08.30,"4,380","33,388"
2013.09.02,"4,450","35,007"
2013.09.03,"4,530","58,804"
2013.09.04,"4,665","321,462"
2013.09.05,"4,665","58,357"
2013.09.06,"4,535","65,980"
2013.09.09,"4,525","52,198"
2013.09.10,"4,785","375,438"
2013.09.11,"5,020","762,820"
2013.09.12,"4,880","312,991"
2013.09.13,"4,750","131,628"
2013.09.16,"4,900","134,387"
2013.09.17,"4,765","100,069"
2013.09.23,"4,880","78,293"
2013.09.24,"4,800","100,589"
2013.09.25,"5,180","195,956"
2013.09.26,"5,100","744,936"
2013.09.27,"5,220","180,999"
2013.09.30,"4,910","190,776"
2013.10.01,"4,900","153,914"
2013.10.02,"4,875","130,967"
2013.10.04,"4,825","96,814"
2013.10.07,"4,935","199,100"
2013.10.08,"4,830","100,933"
2013.10.10,"4,660","128,843"
2013.10.11,"4,765","181,435"
2013.10.14,"5,060","1,008,138"
2013.10.15,"4,910","267,012"
2013.10.16,"4,810","269,469"
2013.10.17,"4,935","308,735"
2013.10.18,"4,840","153,055"
2013.10.21,"4,800","90,889"
2013.10.22,"4,800","99,068"
2013.10.23,"4,740","124,940"
2013.10.24,"4,730","97,766"
2013.10.25,"4,700","77,374"
2013.10.28,"4,620","91,163"
2013.10.29,"4,510","136,885"
2013.10.30,"4,530","82,535"
2013.10.31,"4,450","111,244"
2013.11.01,"4,415","163,947"
2013.11.04,"4,360","90,976"
2013.11.05,"4,200","158,985"
2013.11.06,"4,220","119,577"
2013.11.07,"4,250","99,621"
2013.11.08,"4,265","57,354"
2013.11.11,"4,115","118,372"
2013.11.12,"4,045","108,041"
2013.11.13,"3,870","333,295"
2013.11.14,"3,715","536,224"
2013.11.15,"3,790","171,160"
2013.11.18,"3,810","104,098"
2013.11.19,"3,700","106,555"
2013.11.20,"3,595","198,432"
2013.11.21,"3,600","98,628"
2013.11.22,"3,625","63,392"
2013.11.25,"3,635","64,699"
2013.11.26,"3,610","58,169"
2013.11.27,"3,640","104,690"
2013.11.28,"3,740","114,797"
2013.11.29,"3,775","104,321"
2013.12.02,"3,790","87,977"
2013.12.03,"3,580","127,116"
2013.12.04,"3,540","93,108"
2013.12.05,"3,450","89,336"
2013.12.06,"3,485","95,642"
2013.12.09,"3,460","69,415"
2013.12.10,"3,325","141,433"
2013.12.11,"2,830","546,973"
2013.12.12,"2,410","3,442,560"
2013.12.13,"2,245","1,308,174"
2013.12.16,"2,320","978,184"
2013.12.17,"2,610","2,471,540"
2013.12.18,"2,540","2,428,754"
2013.12.19,"2,515","485,175"
2013.12.20,"2,560","1,766,125"
2013.12.23,"2,620","516,911"
2013.12.24,"2,670","285,681"
2013.12.26,"2,600","199,399"
2013.12.27,"2,675","295,516"
2013.12.30,"2,530","204,573"
2014.01.02,"2,620","159,649"
2014.01.03,"2,605","159,195"
2014.01.06,"2,605","179,272"
2014.01.07,"2,695","218,717"
2014.01.08,"2,675","129,738"
2014.01.09,"2,680","187,791"
2014.01.10,"2,650","162,176"
2014.01.13,"2,695","139,481"
2014.01.14,"2,655","169,138"
2014.01.15,"2,650","121,547"
2014.01.16,"2,790","814,732"
2014.01.17,"2,775","335,511"
2014.01.20,"2,720","168,271"
2014.01.21,"2,810","183,433"
2014.01.22,"2,750","129,857"
2014.01.23,"2,720","125,305"
2014.01.24,"2,685","206,589"
2014.01.27,"2,565","185,874"
2014.01.28,"2,500","218,655"
2014.01.29,"2,540","74,015"
2014.02.03,"2,460","79,626"
2014.02.04,"2,375","112,821"
2014.02.05,"2,390","83,672"
2014.02.06,"2,340","144,130"
2014.02.07,"2,200","272,017"
2014.02.10,"2,335","755,408"
2014.02.11,"2,260","199,005"
2014.02.12,"2,200","225,346"
2014.02.13,"2,275","338,767"
2014.02.14,"1,935","526,900"
2014.02.17,"1,645","1,958,888"
2014.02.18,"1,700","1,362,980"
2014.02.19,"1,710","590,575"
2014.02.20,"1,730","534,407"
2014.02.21,"1,710","313,783"
2014.02.24,"1,760","287,715"
2014.02.25,"1,735","216,817"
2014.02.26,"1,765","382,032"
2014.02.27,"1,750","338,127"
2014.02.28,"1,715","227,171"
2014.03.03,"1,660","200,865"
2014.03.04,"1,750","341,579"
2014.03.05,"2,010","1,847,976"
2014.03.06,"2,195","2,921,109"
2014.03.07,"2,230","1,589,966"
2014.03.10,"2,040","1,116,963"
2014.03.11,"2,180","2,125,835"
2014.03.12,"2,180","1,309,823"
2014.03.13,"2,115","895,349"
2014.03.14,"2,000","623,314"
2014.03.17,"1,925","452,845"
2014.03.18,"1,895","508,476"
2014.03.19,"1,970","497,850"
2014.03.20,"1,935","284,985"
2014.03.21,"1,645","1,265,510"
2014.03.24,"1,890","273,501"
2014.03.25,"2,170","240,983"
2014.03.26,"2,170","873,463"
2014.03.27,"2,075","274,851"
2014.03.28,"2,150","287,584"
2014.03.31,"2,000","229,490"
2014.04.01,"2,005","162,267"
2014.04.02,"1,940","187,089"
2014.04.03,"2,030","247,341"
2014.04.04,"2,080","184,373"
2014.04.07,"2,075","120,771"
2014.04.08,"2,095","153,745"
2014.04.09,"2,130","199,481"
2014.04.10,"2,195","189,469"
2014.04.11,"2,200","72,347"
2014.04.14,"2,200","109,414"
2014.04.15,"2,190","79,086"
2014.04.16,"2,205","69,275"
2014.04.17,"2,235","84,415"
2014.04.18,"2,225","56,129"
2014.04.21,"2,205","96,482"
2014.04.22,"2,160","67,423"
2014.04.23,"2,160","85,566"
2014.04.24,"2,140","55,107"
2014.04.25,"2,055","65,056"
2014.04.28,"2,055","58,080"
2014.04.29,"2,045","38,523"
2014.04.30,"2,055","90,842"
2014.05.02,"2,050","55,940"
2014.05.07,"2,035","39,662"
2014.05.08,"1,960","235,723"
2014.05.09,"2,100","94,960"
2014.05.12,"2,150","60,973"
2014.05.13,"2,100","40,669"
2014.05.14,"2,080","13,633"
2014.05.15,"2,030","76,642"
2014.05.16,"2,190","87,230"
2014.05.19,"2,145","53,921"
2014.05.20,"2,145","66,879"
2014.05.21,"2,200","69,733"
2014.05.22,"2,140","44,856"
2014.05.23,"2,100","51,230"
2014.05.26,"2,075","55,197"
2014.05.27,"2,100","40,389"
2014.05.28,"2,120","42,170"
2014.05.29,"2,125","25,077"
2014.05.30,"1,810","154,596"
2014.06.02,"1,900","252,930"
2014.06.03,"1,915","72,436"
2014.06.05,"1,950","55,750"
2014.06.09,"2,055","72,125"
2014.06.10,"2,065","44,409"
2014.06.11,"2,065","24,633"
2014.06.12,"2,065","35,646"
2014.06.13,"2,105","67,119"
2014.06.16,"2,160","59,373"
2014.06.17,"2,200","50,874"
2014.06.18,"2,210","74,103"
2014.06.19,"2,235","52,735"
2014.06.20,"2,380","196,382"
2014.06.23,"2,660","220,483"
2014.06.24,"2,660","290,701"
2014.06.25,"2,630","211,415"
2014.06.26,"2,525","157,965"
2014.06.27,"2,890","401,842"
2014.06.30,"2,820","114,424"
2014.07.01,"3,000","185,124"
2014.07.02,"2,950","127,908"
2014.07.03,"2,920","65,720"
2014.07.04,"2,920","48,604"
2014.07.07,"2,950","55,591"
2014.07.08,"2,900","138,141"
2014.07.09,"2,900","31,037"
2014.07.10,"2,990","86,357"
2014.07.11,"3,000","51,091"
2014.07.14,"2,980","31,545"
2014.07.15,"2,980","37,844"
2014.07.16,"2,950","43,671"
2014.07.17,"2,900","54,370"
2014.07.18,"2,915","16,554"
2014.07.21,"2,930","46,993"
2014.07.22,"2,835","51,668"
2014.07.23,"2,805","66,031"
2014.07.24,"2,700","102,266"
2014.07.25,"2,795","179,820"
2014.07.28,"2,750","68,567"
2014.07.29,"3,000","170,514"
2014.07.30,"2,825","142,706"
2014.07.31,"2,825","47,431"
2014.08.01,"2,790","34,561"
2014.08.04,"2,760","57,099"
2014.08.05,"2,785","39,165"
2014.08.06,"2,735","54,143"
2014.08.07,"2,740","28,790"
2014.08.08,"2,780","46,480"
2014.08.11,"2,900","62,458"
2014.08.12,"2,875","39,332"
2014.08.13,"2,795","76,587"
2014.08.14,"2,890","40,461"
2014.08.18,"2,855","43,786"
2014.08.19,"2,795","58,455"
2014.08.20,"2,770","46,245"
2014.08.21,"2,775","40,783"
2014.08.22,"2,970","86,601"
2014.08.25,"2,985","139,743"
2014.08.26,"2,985","51,033"
2014.08.27,"3,195","289,157"
2014.08.28,"3,015","182,191"
2014.08.29,"2,920","102,164"
2014.09.01,"2,985","76,840"
2014.09.02,"2,940","47,719"
2014.09.03,"2,905","36,838"
2014.09.04,"2,840","43,749"
2014.09.05,"2,840","54,956"
2014.09.11,"2,875","40,388"
2014.09.12,"2,830","87,909"
2014.09.15,"2,755","40,703"
2014.09.16,"2,710","75,512"
2014.09.17,"2,645","71,204"
2014.09.18,"2,655","32,985"
2014.09.19,"2,670","49,292"
2014.09.22,"2,655","30,012"
2014.09.23,"2,585","62,224"
2014.09.24,"2,580","47,063"
2014.09.25,"2,490","95,305"
2014.09.26,"2,460","105,716"
2014.09.29,"2,640","81,757"
2014.09.30,"2,660","49,373"
2014.10.01,"2,575","32,731"
2014.10.02,"2,580","29,664"
2014.10.06,"2,680","57,199"
2014.10.07,"2,800","84,407"
2014.10.08,"2,840","44,658"
2014.10.10,"2,805","38,477"
2014.10.13,"2,730","44,705"
2014.10.14,"2,800","35,376"
2014.10.15,"2,815","72,751"
2014.10.16,"2,810","26,435"
2014.10.17,"2,780","39,132"
2014.10.20,"2,745","41,733"
2014.10.21,"2,700","32,477"
2014.10.22,"2,700","31,211"
2014.10.23,"2,650","41,031"
2014.10.24,"2,595","41,250"
2014.10.27,"2,600","23,052"
2014.10.28,"2,665","50,082"
2014.10.29,"2,720","19,379"
2014.10.30,"2,700","18,314"
2014.10.31,"2,715","19,158"
2014.11.03,"2,700","24,276"
2014.11.04,"2,635","31,229"
2014.11.05,"2,635","26,004"
2014.11.06,"2,695","30,661"
2014.11.07,"2,800","39,152"
2014.11.10,"2,885","55,226"
2014.11.11,"2,870","47,286"
2014.11.12,"2,910","94,719"
2014.11.13,"3,005","74,209"
2014.11.14,"2,955","59,952"
2014.11.17,"2,945","52,262"
2014.11.18,"2,930","14,072"
2014.11.19,"2,860","60,670"
2014.11.20,"2,885","29,805"
2014.11.21,"2,900","59,906"
2014.11.24,"3,060","250,379"
2014.11.25,"2,890","669,289"
2014.11.26,"2,800","166,230"
2014.11.27,"2,800","120,221"
2014.11.28,"2,735","100,474"
2014.12.01,"2,710","69,154"
2014.12.02,"2,640","91,318"
2014.12.03,"2,650","39,904"
2014.12.04,"2,650","49,851"
2014.12.05,"2,400","581,979"
2014.12.08,"2,480","71,952"
2014.12.09,"2,365","95,666"
2014.12.10,"2,500","54,449"
2014.12.11,"2,500","96,595"
2014.12.12,"2,430","60,243"
2014.12.15,"2,380","38,749"
2014.12.16,"2,415","37,574"
2014.12.17,"2,400","25,071"
2014.12.18,"2,380","57,337"
2014.12.19,"2,390","27,306"
2014.12.22,"2,480","42,637"
2014.12.23,"2,440","28,083"
2014.12.24,"2,490","23,895"
2014.12.26,"2,600","54,742"
2014.12.29,"2,615","44,024"
2014.12.30,"2,630","27,661"
2015.01.02,"2,600","32,809"
2015.01.05,"2,490","34,395"
2015.01.06,"2,410","76,225"
2015.01.07,"2,470","52,048"
2015.01.08,"2,440","28,693"
2015.01.09,"2,440","47,796"
2015.01.12,"2,420","49,721"
2015.01.13,"2,400","56,286"
2015.01.14,"2,410","20,796"
2015.01.15,"2,395","42,682"
2015.01.16,"2,300","48,400"
2015.01.19,"2,330","37,139"
2015.01.20,"2,330","12,842"
2015.01.21,"2,335","25,878"
2015.01.22,"2,300","53,061"
2015.01.23,"2,280","51,012"
2015.01.26,"2,250","69,204"
2015.01.27,"2,240","35,146"
2015.01.28,"2,495","157,160"
2015.01.29,"2,500","38,514"
2015.01.30,"2,475","25,921"
2015.02.02,"2,620","92,377"
2015.02.03,"2,610","52,982"
2015.02.04,"2,640","33,483"
2015.02.05,"2,665","63,221"
2015.02.06,"2,660","42,869"
2015.02.09,"2,655","679,620"
2015.02.10,"2,480","212,050"
2015.02.11,"2,440","117,038"
2015.02.12,"2,470","99,780"
2015.02.13,"2,470","107,146"
2015.02.16,"2,495","81,484"
2015.02.17,"2,495","65,488"
2015.02.23,"2,450","31,037"
2015.02.24,"2,405","78,549"
2015.02.25,"2,400","48,644"
2015.02.26,"2,490","144,828"
2015.02.27,"2,460","54,189"
2015.03.02,"2,480","50,805"
2015.03.03,"2,685","599,000"
2015.03.04,"2,700","291,590"
2015.03.05,"2,720","93,135"
2015.03.06,"2,850","288,411"
2015.03.09,"3,080","430,932"
2015.03.10,"3,020","160,209"
2015.03.11,"2,955","116,373"
2015.03.12,"3,055","189,459"
2015.03.13,"3,110","167,797"
2015.03.16,"3,095","188,207"
2015.03.17,"3,260","443,878"
2015.03.18,"3,745","1,087,459"
2015.03.19,"3,635","860,340"
2015.03.20,"3,430","1,526,736"
2015.03.23,"3,215","689,315"
2015.03.24,"3,180","276,236"
2015.03.25,"3,165","187,028"
2015.03.26,"3,085","192,494"
2015.03.27,"3,150","275,178"
2015.03.30,"3,055","121,208"
2015.03.31,"2,970","243,972"
2015.04.01,"2,975","120,442"
2015.04.02,"2,895","205,535"
2015.04.03,"2,970","128,426"
2015.04.06,"3,035","134,725"
2015.04.07,"3,000","87,489"
2015.04.08,"3,165","201,085"
2015.04.09,"3,135","118,773"
2015.04.10,"3,050","120,806"
2015.04.13,"2,965","181,392"
2015.04.14,"2,990","116,457"
2015.04.15,"2,980","108,532"
2015.04.16,"2,970","113,640"
2015.04.17,"2,970","116,267"
2015.04.20,"3,050","355,393"
2015.04.21,"3,035","141,449"
2015.04.22,"2,960","274,202"
2015.04.23,"2,945","180,750"
2015.04.24,"2,930","82,335"
2015.04.27,"2,975","461,952"
2015.04.28,"2,910","155,737"
2015.04.29,"3,040","976,634"
2015.04.30,"2,930","230,002"
2015.05.04,"2,870","168,586"
2015.05.06,"2,735","198,000"
2015.05.07,"2,700","101,008"
2015.05.08,"2,770","45,551"
2015.05.11,"2,800","61,680"
2015.05.12,"2,740","106,950"
2015.05.13,"2,785","78,800"
2015.05.14,"2,750","78,431"
2015.05.15,"2,705","102,854"
2015.05.18,"2,570","180,094"
2015.05.19,"2,595","122,458"
2015.05.20,"2,550","166,947"
2015.05.21,"2,515","83,679"
2015.05.22,"2,535","62,754"
2015.05.26,"2,440","128,726"
2015.05.27,"2,415","113,104"
2015.05.28,"2,475","94,091"
2015.05.29,"2,440","84,829"
2015.06.01,"2,375","73,267"
2015.06.02,"2,315","224,134"
2015.06.03,"2,645","232,673"
2015.06.04,"2,645","454,764"
2015.06.05,"2,740","190,283"
2015.06.08,"2,715","348,009"
2015.06.09,"2,695","183,759"
2015.06.10,"2,815","272,789"
2015.06.11,"2,790","138,331"
2015.06.12,"2,705","83,051"
2015.06.15,"2,620","168,862"
2015.06.16,"2,580","129,761"
2015.06.17,"2,625","51,543"
2015.06.18,"2,665","87,001"
2015.06.19,"2,735","156,622"
2015.06.22,"2,650","66,214"
2015.06.23,"2,670","48,721"
2015.06.24,"2,640","28,444"
2015.06.25,"2,600","66,928"
2015.06.26,"2,550","138,529"
2015.06.29,"2,445","79,933"
2015.06.30,"2,580","65,047"
2015.07.01,"2,535","44,673"
2015.07.02,"2,590","87,817"
2015.07.03,"2,570","117,031"
2015.07.06,"2,445","97,549"
2015.07.07,"2,365","156,591"
2015.07.08,"2,380","120,271"
2015.07.09,"2,370","87,429"
2015.07.10,"2,455","114,310"
2015.07.13,"2,490","56,191"
2015.07.14,"2,465","41,704"
2015.07.15,"2,485","62,940"
2015.07.16,"2,570","100,707"
2015.07.17,"2,550","73,038"
2015.07.20,"2,535","71,111"
2015.07.21,"2,580","79,667"
2015.07.22,"2,535","42,299"
2015.07.23,"2,520","50,089"
2015.07.24,"2,435","93,022"
2015.07.27,"2,410","59,997"
2015.07.28,"2,355","109,315"
2015.07.29,"2,340","38,807"
2015.07.30,"2,325","72,323"
2015.07.31,"2,350","40,457"
2015.08.03,"2,400","70,732"
2015.08.04,"2,395","30,865"
2015.08.05,"2,395","27,537"
2015.08.06,"2,350","49,113"
2015.08.07,"2,295","74,837"
2015.08.10,"2,340","55,105"
2015.08.11,"2,300","43,732"
2015.08.12,"2,290","105,917"
2015.08.13,"2,270","57,227"
2015.08.17,"2,260","49,510"
2015.08.18,"2,160","96,152"
2015.08.19,"2,120","89,529"
2015.08.20,"2,030","47,433"
2015.08.21,"1,840","160,233"
2015.08.24,"1,800","64,246"
2015.08.25,"1,900","48,499"
2015.08.26,"2,065","160,393"
2015.08.27,"2,095","49,573"
2015.08.28,"2,095","41,746"
2015.08.31,"2,090","12,907"
2015.09.01,"2,065","35,331"
2015.09.02,"2,060","11,676"
2015.09.03,"2,060","11,043"
2015.09.04,"1,985","38,390"
2015.09.07,"1,990","25,275"
2015.09.08,"1,980","58,079"
2015.09.09,"1,990","21,295"
2015.09.10,"1,990","19,160"
2015.09.11,"2,030","44,834"
2015.09.14,"2,005","33,627"
2015.09.15,"2,025","15,306"
2015.09.16,"2,020","25,443"
2015.09.17,"2,060","65,203"
2015.09.18,"2,085","81,481"
2015.09.21,"2,065","46,244"
2015.09.22,"2,205","554,953"
2015.09.23,"2,155","89,639"
2015.09.24,"2,180","38,750"
2015.09.25,"2,035","220,855"
2015.09.30,"2,085","39,929"
2015.10.01,"2,075","43,746"
2015.10.02,"2,125","84,859"
2015.10.05,"2,215","114,726"
2015.10.06,"2,230","174,160"
2015.10.07,"2,255","92,407"
2015.10.08,"2,320","226,374"
2015.10.12,"2,310","81,503"
2015.10.13,"2,250","154,050"
2015.10.14,"2,260","88,006"
2015.10.15,"2,230","49,400"
2015.10.16,"2,265","31,795"
2015.10.19,"2,285","51,409"
2015.10.20,"2,290","28,034"
2015.10.21,"2,345","420,742"
2015.10.22,"2,290","88,525"
2015.10.23,"2,295","55,113"
2015.10.26,"2,285","82,176"
2015.10.27,"2,305","93,253"
2015.10.28,"2,390","239,918"
2015.10.29,"2,420","216,003"
2015.10.30,"2,180","349,600"
2015.11.02,"2,100","94,216"
2015.11.03,"2,170","60,165"
2015.11.04,"2,165","31,986"
2015.11.05,"2,200","68,466"
2015.11.06,"2,210","52,326"
2015.11.09,"2,180","55,546"
2015.11.10,"2,195","57,673"
2015.11.11,"2,180","27,975"
2015.11.12,"2,155","40,824"
2015.11.13,"2,085","50,974"
2015.11.16,"2,080","40,905"
2015.11.17,"2,075","32,499"
2015.11.18,"2,060","175,176"
2015.11.19,"1,980","129,720"
2015.11.20,"2,015","85,183"
2015.11.23,"1,950","167,355"
2015.11.24,"1,885","197,253"
2015.11.25,"1,870","118,763"
2015.11.26,"1,830","104,430"
2015.11.27,"1,845","113,656"
2015.11.30,"1,815","84,571"
2015.12.01,"1,810","169,177"
2015.12.02,"1,810","258,171"
2015.12.03,"1,680","327,283"
2015.12.04,"1,715","1,377,861"
2015.12.07,"1,800","516,370"
2015.12.08,"1,800","234,098"
2015.12.09,"1,775","118,357"
2015.12.10,"1,650","116,136"
2015.12.11,"1,720","72,120"
2015.12.14,"1,785","755,761"
2015.12.15,"1,750","212,356"
2015.12.16,"1,840","449,067"
2015.12.17,"1,860","291,209"
2015.12.18,"1,855","202,831"
2015.12.21,"1,840","148,351"
2015.12.22,"1,925","280,650"
2015.12.23,"1,570","4,175,663"
2015.12.24,"1,535","1,138,519"
2015.12.28,"1,490","1,093,933"
2015.12.29,"1,445","1,242,330"
2015.12.30,"1,475","1,112,508"
2016.01.04,"1,475","468,735"
2016.01.05,"1,490","300,852"
2016.01.06,"1,490","373,415"
2016.01.07,"1,460","361,516"
2016.01.08,"1,465","395,169"
2016.01.11,"1,445","188,596"
2016.01.12,"1,475","1,009,425"
2016.01.13,"1,470","363,433"
2016.01.14,"1,470","355,438"
2016.01.15,"1,490","331,526"
2016.01.18,"1,475","336,952"
2016.01.19,"1,450","255,941"
2016.01.20,"1,445","349,893"
2016.01.21,"1,425","166,780"
2016.01.22,"1,465","170,177"
2016.01.25,"1,510","492,105"
2016.01.26,"1,500","199,542"
2016.01.27,"1,490","140,345"
2016.01.28,"1,480","179,573"
2016.01.29,"1,475","186,952"
2016.02.01,"1,470","224,968"
2016.02.02,"1,440","265,660"
2016.02.03,"1,435","111,390"
2016.02.04,"1,470","204,725"
2016.02.05,"1,480","159,922"
2016.02.11,"1,440","268,143"
2016.02.12,"1,365","377,812"
2016.02.15,"1,390","205,827"
2016.02.16,"1,420","128,057"
2016.02.17,"1,405","111,294"
2016.02.18,"1,435","99,484"
2016.02.19,"1,440","143,059"
2016.02.22,"1,445","182,825"
2016.02.23,"1,465","411,936"
2016.02.24,"1,445","143,917"
2016.02.25,"1,440","289,319"
2016.02.26,"1,465","178,512"
2016.02.29,"1,480","218,704"
2016.03.02,"1,465","229,632"
2016.03.03,"1,475","293,261"
2016.03.04,"1,570","1,823,256"
2016.03.07,"1,585","449,637"
2016.03.08,"1,630","721,260"
2016.03.09,"1,600","398,886"
2016.03.10,"1,580","194,081"
2016.03.11,"1,570","248,513"
2016.03.14,"1,540","170,000"
2016.03.15,"1,560","280,403"
2016.03.16,"1,625","774,757"
2016.03.17,"1,645","426,878"
2016.03.18,"1,610","286,971"
2016.03.21,"1,575","246,571"
2016.03.22,"1,590","180,614"
2016.03.23,"1,575","213,183"
2016.03.24,"1,550","185,852"
2016.03.25,"1,540","241,148"
2016.03.28,"1,510","176,296"
2016.03.29,"1,530","285,398"
2016.03.30,"1,560","219,265"
2016.03.31,"1,530","146,104"
2016.04.01,"1,530","142,120"
2016.04.04,"1,535","73,615"
2016.04.05,"1,520","200,335"
2016.04.06,"1,515","147,845"
2016.04.07,"1,540","739,619"
2016.04.08,"1,550","164,172"
2016.04.11,"1,580","368,049"
2016.04.12,"1,650","792,009"
2016.04.14,"1,690","1,210,925"
2016.04.15,"1,675","864,188"
2016.04.18,"1,720","4,155,910"
2016.04.19,"1,655","816,568"
2016.04.20,"1,635","495,203"
2016.04.21,"1,585","630,088"
2016.04.22,"1,600","375,768"
2016.04.25,"1,580","348,548"
2016.04.26,"1,625","409,277"
2016.04.27,"1,630","311,674"
2016.04.28,"1,680","666,705"
2016.04.29,"1,660","253,732"
2016.05.02,"1,610","309,159"
2016.05.03,"1,685","2,000,220"
2016.05.04,"1,655","374,652"
2016.05.09,"1,750","1,386,055"
2016.05.10,"1,740","426,006"
2016.05.11,"1,730","335,015"
2016.05.12,"1,705","191,778"
2016.05.13,"1,695","185,083"
2016.05.16,"1,650","341,175"
2016.05.17,"1,655","220,503"
2016.05.18,"1,600","347,852"
2016.05.19,"1,595","157,413"
2016.05.20,"1,610","151,263"
2016.05.23,"1,625","339,089"
2016.05.24,"1,635","225,307"
2016.05.25,"1,605","252,330"
2016.05.26,"1,610","126,920"
2016.05.27,"1,640","465,943"
2016.05.30,"1,630","174,546"
2016.05.31,"1,640","149,921"
2016.06.01,"1,620","257,636"
2016.06.02,"1,595","225,343"
2016.06.03,"1,615","226,889"
2016.06.07,"1,640","260,132"
2016.06.08,"1,665","355,170"
2016.06.09,"1,645","249,555"
2016.06.10,"1,625","264,780"
2016.06.13,"1,625","142,069"
2016.06.14,"1,625","182,848"
2016.06.15,"1,720","722,307"
2016.06.16,"1,645","611,058"
2016.06.17,"1,655","483,131"
2016.06.20,"1,715","674,864"
2016.06.21,"1,870","4,176,079"
2016.06.22,"1,880","1,441,955"
2016.06.23,"1,905","1,167,244"
2016.06.24,"1,730","1,469,222"
2016.06.27,"1,780","559,790"
2016.06.28,"1,790","382,110"
2016.06.29,"1,840","631,946"
2016.06.30,"1,835","443,783"
2016.07.01,"1,840","266,363"
2016.07.04,"1,850","452,048"
2016.07.05,"1,940","6,775,411"
2016.07.06,"1,875","3,893,761"
2016.07.07,"1,890","662,886"
2016.07.08,"1,840","1,559,983"
2016.07.11,"1,845","441,179"
2016.07.12,"1,850","300,212"
2016.07.13,"1,800","796,986"
2016.07.14,"1,790","565,893"
2016.07.15,"1,815","358,155"
2016.07.18,"1,845","353,753"
2016.07.19,"1,820","223,336"
2016.07.20,"1,815","387,520"
2016.07.21,"1,830","293,885"
2016.07.22,"1,790","363,391"
2016.07.25,"1,810","236,046"
2016.07.26,"1,820","1,863,518"
2016.07.27,"1,785","366,638"
2016.07.28,"1,795","354,802"
2016.07.29,"1,755","309,091"
2016.08.01,"1,765","203,947"
2016.08.02,"1,775","393,174"
2016.08.03,"1,750","350,213"
2016.08.04,"1,705","354,724"
2016.08.05,"1,700","321,837"
2016.08.08,"1,720","215,488"
2016.08.09,"1,720","1,265,825"
2016.08.10,"1,720","444,788"
2016.08.11,"1,685","353,515"
2016.08.12,"1,690","248,461"
2016.08.16,"1,670","454,534"
2016.08.17,"1,605","649,877"
2016.08.18,"1,650","672,124"
2016.08.19,"1,650","217,291"
2016.08.22,"1,640","498,937"
2016.08.23,"1,620","477,442"
2016.08.24,"1,630","231,042"
2016.08.25,"1,630","227,554"
2016.08.26,"1,625","117,658"
2016.08.29,"1,585","177,612"
2016.08.30,"1,595","202,737"
2016.08.31,"1,595","211,016"
2016.09.01,"1,575","250,106"
2016.09.02,"1,640","378,361"
2016.09.05,"1,635","114,076"
2016.09.06,"1,595","189,414"
2016.09.07,"1,595","195,591"
2016.09.08,"1,565","376,527"
2016.09.09,"1,535","194,821"
2016.09.12,"1,470","272,181"
2016.09.13,"1,500","10,603,551"
2016.09.19,"1,475","1,425,857"
2016.09.20,"1,625","28,302,299"
2016.09.21,"1,750","40,134,185"
2016.09.22,"1,615","6,733,650"
2016.09.23,"1,595","3,329,269"
2016.09.26,"1,575","1,607,402"
2016.09.27,"1,575","1,258,823"
2016.09.28,"1,565","817,783"
2016.09.29,"1,570","798,615"
2016.09.30,"1,585","1,087,704"
2016.10.04,"1,595","713,968"
2016.10.05,"1,565","616,226"
2016.10.06,"1,550","666,303"
2016.10.07,"1,575","470,641"
2016.10.10,"1,595","409,988"
2016.10.11,"1,565","961,227"
2016.10.12,"1,535","733,294"
2016.10.13,"1,550","564,759"
2016.10.14,"1,535","228,972"
2016.10.17,"1,520","200,093"
2016.10.18,"1,535","342,710"
2016.10.19,"1,525","182,777"
2016.10.20,"1,540","714,818"
2016.10.21,"1,570","1,430,444"
2016.10.24,"1,640","1,539,907"
2016.10.25,"1,605","908,385"
2016.10.26,"1,630","6,039,151"
2016.10.27,"1,615","901,352"
2016.10.28,"1,570","681,299"
2016.10.31,"1,525","738,335"
2016.11.01,"1,520","602,903"
2016.11.02,"1,470","615,636"
2016.11.03,"1,480","276,179"
2016.11.04,"1,490","324,702"
2016.11.07,"1,575","1,055,433"
2016.11.08,"1,570","527,918"
2016.11.09,"1,400","1,580,789"
2016.11.10,"1,430","818,144"
2016.11.11,"1,430","365,427"
2016.11.14,"1,445","298,707"
2016.11.15,"1,420","271,685"
2016.11.16,"1,405","477,837"
2016.11.17,"1,385","496,833"
2016.11.18,"1,315","906,260"
2016.11.21,"1,270","507,570"
2016.11.22,"1,280","557,965"
2016.11.23,"1,230","394,345"
2016.11.24,"1,185","534,722"
2016.11.25,"1,225","276,119"
2016.11.28,"1,215","131,128"
2016.11.29,"1,180","392,302"
2016.11.30,"1,200","300,290"
2016.12.01,"1,255","4,568,961"
2016.12.02,"1,325","1,827,027"
2016.12.05,"1,315","1,370,717"
2016.12.06,"1,330","580,426"
2016.12.07,"1,260","812,910"
2016.12.08,"1,210","577,890"
2016.12.09,"1,225","360,905"
2016.12.12,"1,230","347,383"
2016.12.13,"1,280","564,510"
2016.12.14,"1,260","241,320"
2016.12.15,"1,275","343,769"
2016.12.16,"1,305","3,947,859"
2016.12.19,"1,300","636,930"
2016.12.20,"1,300","590,048"
2016.12.21,"1,310","469,343"
2016.12.22,"1,330","1,059,207"
2016.12.23,"1,430","15,662,536"
2016.12.26,"1,370","1,307,110"
2016.12.27,"1,365","984,658"
2016.12.28,"1,390","622,569"
2016.12.29,"1,420","558,404"
2017.01.02,"1,470","1,561,668"
2017.01.03,"1,430","573,844"
2017.01.04,"1,445","284,276"
2017.01.05,"1,455","597,460"
2017.01.06,"1,425","249,743"
2017.01.09,"1,435","290,312"
2017.01.10,"1,420","292,733"
2017.01.11,"1,455","411,654"
2017.01.12,"1,440","445,364"
2017.01.13,"1,415","280,509"
2017.01.16,"1,395","455,577"
2017.01.17,"1,370","332,452"
2017.01.18,"1,375","118,409"
2017.01.19,"1,370","238,887"
2017.01.20,"1,330","551,173"
2017.01.23,"1,290","424,201"
2017.01.24,"1,285","133,913"
2017.01.25,"1,285","202,780"
2017.01.26,"1,285","184,887"
2017.01.31,"1,290","241,570"
2017.02.01,"1,300","250,577"
2017.02.02,"1,275","255,225"
2017.02.03,"1,285","174,231"
2017.02.06,"1,290","335,436"
2017.02.07,"1,350","4,167,510"
2017.02.08,"1,385","944,919"
2017.02.09,"1,380","582,305"
2017.02.10,"1,355","574,019"
2017.02.13,"1,365","319,502"
2017.02.14,"1,380","214,601"
2017.02.15,"1,355","304,233"
2017.02.16,"1,370","543,263"
2017.02.17,"1,415","660,789"
2017.02.20,"1,410","228,539"
2017.02.21,"1,410","273,904"
2017.02.22,"1,430","649,136"
2017.02.23,"1,440","438,500"
2017.02.24,"1,440","251,613"
2017.02.27,"1,440","191,869"
2017.02.28,"1,400","333,662"
2017.03.02,"1,405","233,117"
2017.03.03,"1,365","428,737"
2017.03.06,"1,385","181,851"
2017.03.07,"1,425","799,050"
2017.03.08,"1,415","223,149"
2017.03.09,"1,400","197,835"
2017.03.10,"1,385","378,543"
2017.03.13,"1,410","310,002"
2017.03.14,"1,435","4,330,227"
2017.03.15,"1,520","2,953,281"
2017.03.16,"1,545","1,821,856"
2017.03.17,"1,560","743,320"
2017.03.20,"1,540","451,284"
2017.03.21,"1,495","552,554"
2017.03.22,"1,490","250,691"
2017.03.23,"1,515","467,853"
2017.03.24,"1,510","380,170"
2017.03.27,"1,500","414,754"
2017.03.28,"1,515","237,179"
2017.03.29,"1,540","518,753"
2017.03.30,"1,530","391,995"
2017.03.31,"1,505","558,045"
2017.04.03,"1,480","417,062"
2017.04.04,"1,490","502,969"
2017.04.05,"1,500","331,308"
2017.04.06,"1,480","366,469"
2017.04.07,"1,485","187,218"
2017.04.10,"1,490","3,552,042"
2017.04.11,"1,475","817,514"
2017.04.12,"1,480","589,060"
2017.04.13,"1,445","353,015"
2017.04.14,"1,480","3,740,663"
2017.04.17,"1,535","934,530"
2017.04.18,"1,630","5,465,222"
2017.04.19,"1,670","1,850,692"
2017.04.20,"1,715","1,964,935"
2017.04.21,"1,700","1,173,945"
2017.04.24,"1,725","818,869"
2017.04.25,"1,755","1,911,233"
2017.04.26,"1,725","1,230,891"
2017.04.27,"1,750","457,563"
2017.04.28,"1,740","533,142"
2017.05.02,"1,740","570,191"
2017.05.04,"1,775","663,053"
2017.05.08,"1,870","2,841,689"
2017.05.10,"1,900","2,180,805"
2017.05.11,"1,855","1,135,891"
2017.05.12,"1,875","740,302"
2017.05.15,"1,930","1,422,763"
2017.05.16,"2,245","17,831,831"
2017.05.17,"2,275","3,209,309"
2017.05.18,"2,375","5,386,752"
2017.05.19,"2,300","3,064,787"
2017.05.22,"2,210","3,319,518"
2017.05.23,"2,340","9,189,563"
2017.05.24,"2,340","2,749,742"
2017.05.25,"2,390","2,066,025"
2017.05.26,"2,340","1,997,345"
2017.05.29,"2,320","1,381,094"
2017.05.30,"2,250","1,835,321"
2017.05.31,"2,190","2,558,530"
2017.06.01,"2,310","3,214,079"
2017.06.02,"2,345","1,756,180"
2017.06.05,"2,325","990,856"
2017.06.07,"2,335","2,532,299"
2017.06.08,"2,245","1,465,603"
2017.06.09,"2,280","864,931"
2017.06.12,"2,225","753,496"
2017.06.13,"2,250","2,229,374"
2017.06.14,"2,270","1,197,088"
2017.06.15,"2,270","818,216"
2017.06.16,"2,390","2,812,049"
2017.06.19,"2,810","24,673,661"
2017.06.20,"2,885","27,200,213"
2017.06.21,"2,930","8,849,210"
2017.06.22,"3,025","9,330,874"
2017.06.23,"3,000","2,751,711"
2017.06.26,"3,065","5,069,623"
2017.06.27,"3,125","3,106,504"
2017.06.28,"3,175","11,542,503"
2017.06.29,"3,180","2,233,015"
2017.06.30,"3,145","1,768,983"
2017.07.03,"2,960","3,086,331"
2017.07.04,"2,955","2,014,545"
2017.07.05,"3,040","2,007,880"
2017.07.06,"2,960","1,832,139"
2017.07.07,"2,915","1,047,673"
2017.07.10,"3,005","1,843,004"
2017.07.11,"3,060","3,761,363"
2017.07.12,"3,075","1,357,673"
2017.07.13,"3,100","1,753,846"
2017.07.14,"3,270","6,971,825"
2017.07.17,"3,310","3,075,967"
2017.07.18,"3,690","9,925,897"
2017.07.19,"3,655","4,681,913"
2017.07.20,"3,960","7,312,404"
2017.07.21,"4,180","9,047,346"
2017.07.24,"4,415","7,986,979"
2017.07.25,"4,940","12,861,652"
2017.07.26,"4,940","8,360,849"
2017.07.27,"4,970","6,681,899"
2017.07.28,"4,770","5,523,414"
2017.07.31,"4,510","5,672,304"
2017.08.01,"4,740","4,558,990"
2017.08.02,"4,680","2,733,404"
2017.08.03,"4,650","2,948,248"
2017.08.04,"4,400","3,032,433"
2017.08.07,"4,470","3,011,269"
2017.08.08,"4,320","1,926,057"
2017.08.09,"4,130","3,583,571"
2017.08.10,"4,100","3,829,155"
2017.08.11,"3,970","2,962,945"
2017.08.14,"4,200","2,349,611"
2017.08.16,"4,060","2,429,006"
2017.08.17,"3,880","3,513,242"
2017.08.18,"3,855","2,609,346"
2017.08.21,"3,695","3,157,924"
2017.08.22,"4,070","5,699,338"
2017.08.23,"4,050","3,911,690"
2017.08.24,"4,220","4,246,426"
2017.08.25,"4,390","3,550,153"
2017.08.28,"4,320","1,923,345"
2017.08.29,"4,390","1,532,985"
2017.08.30,"4,325","1,305,621"
2017.08.31,"4,250","2,033,042"
2017.09.01,"4,070","2,175,836"
2017.09.04,"4,045","2,209,040"
2017.09.05,"3,940","1,870,329"
2017.09.06,"3,955","1,254,806"
2017.09.07,"4,210","5,973,039"
2017.09.08,"4,235","2,239,512"
2017.09.11,"4,280","2,578,009"
2017.09.12,"4,600","5,506,085"
2017.09.13,"4,505","5,593,626"
2017.09.14,"4,475","2,384,481"
2017.09.15,"4,435","1,592,876"
2017.09.18,"4,370","1,219,155"
2017.09.19,"4,375","1,013,818"
2017.09.20,"4,170","2,131,597"
2017.09.21,"4,040","2,353,901"
2017.09.22,"3,765","2,727,142"
2017.09.25,"3,905","1,955,794"
2017.09.26,"3,825","939,603"
2017.09.27,"3,830","839,209"
2017.09.28,"3,700","1,564,657"
2017.09.29,"3,710","804,341"
2017.10.10,"3,365","3,078,238"
2017.10.11,"3,475","1,537,581"
2017.10.12,"3,450","969,858"
2017.10.13,"3,285","2,224,359"
2017.10.16,"3,395","2,042,176"
2017.10.17,"3,690","3,139,012"
2017.10.18,"3,755","2,300,922"
2017.10.19,"3,510","2,068,248"
2017.10.20,"3,555","16,111,924"
2017.10.23,"3,995","5,847,740"
2017.10.24,"3,930","3,992,745"
2017.10.25,"3,930","1,604,681"
2017.10.26,"3,680","2,068,872"
2017.10.27,"3,655","1,330,715"
2017.10.30,"3,550","991,021"
2017.10.31,"3,570","1,146,812"
2017.11.01,"3,605","1,135,427"
2017.11.02,"3,530","856,301"
2017.11.03,"3,490","1,347,495"
2017.11.06,"3,555","1,029,229"
2017.11.07,"3,590","1,183,666"
2017.11.08,"3,575","1,165,431"
2017.11.09,"3,600","979,512"
2017.11.10,"3,605","1,034,560"
2017.11.13,"3,870","2,930,314"
2017.11.14,"3,995","3,107,502"
2017.11.15,"4,210","10,343,055"
2017.11.16,"4,150","5,428,464"
2017.11.17,"4,245","2,736,671"
2017.11.20,"4,250","2,230,695"
2017.11.21,"4,195","2,940,176"
2017.11.22,"4,425","5,340,803"
2017.11.23,"4,400","2,498,533"
2017.11.24,"4,600","5,679,089"
2017.11.27,"4,425","3,071,771"
2017.11.28,"4,245","4,146,457"
2017.11.29,"4,280","2,169,840"
2017.11.30,"4,085","1,813,350"
2017.12.01,"4,235","1,897,514"
2017.12.04,"4,175","1,139,232"
2017.12.05,"4,345","2,670,541"
2017.12.06,"4,210","2,347,595"
2017.12.07,"4,250","2,071,668"
2017.12.08,"4,165","1,094,984"
2017.12.11,"4,380","1,875,904"
2017.12.12,"4,360","1,536,877"
2017.12.13,"4,790","7,092,442"
2017.12.14,"4,790","7,734,625"
2017.12.15,"4,185","11,081,961"
2017.12.18,"4,095","4,392,279"
2017.12.19,"3,985","4,437,009"
2017.12.20,"3,845","2,620,083"
2017.12.21,"3,690","2,355,725"
2017.12.22,"3,870","1,906,430"
2017.12.26,"3,855","1,988,419"
2017.12.27,"4,050","1,996,464"
2017.12.28,"4,005","1,035,928"
2018.01.02,"4,080","1,676,442"
2018.01.03,"4,300","5,894,731"
2018.01.04,"3,980","3,033,079"
2018.01.05,"3,920","2,022,775"
2018.01.08,"3,820","1,918,899"
2018.01.09,"3,895","1,970,362"
2018.01.10,"4,025","1,342,869"
2018.01.11,"4,095","1,969,213"
2018.01.12,"4,000","1,405,759"
2018.01.15,"4,030","1,051,577"
2018.01.16,"4,135","1,912,721"
2018.01.17,"4,125","1,289,810"
2018.01.18,"4,055","2,392,645"
2018.01.19,"4,000","1,189,113"
2018.01.22,"3,855","2,224,614"
2018.01.23,"3,855","1,999,532"
2018.01.24,"3,850","1,151,297"
2018.01.25,"3,870","1,192,258"
2018.01.26,"3,855","833,618"
2018.01.29,"3,860","1,659,413"
2018.01.30,"3,760","1,920,552"
2018.01.31,"3,765","2,050,749"
2018.02.01,"3,690","1,225,706"
2018.02.02,"3,650","1,474,461"
2018.02.05,"3,440","1,209,975"
2018.02.06,"3,385","2,119,324"
2018.02.07,"3,420","1,956,337"
2018.02.08,"3,680","2,147,477"
2018.02.09,"3,565","984,968"
2018.02.12,"3,490","549,691"
2018.02.13,"3,350","746,818"
2018.02.14,"3,455","611,292"
2018.02.19,"3,620","776,218"
2018.02.20,"3,500","891,820"
2018.02.21,"3,545","769,659"
2018.02.22,"3,400","1,083,855"
2018.02.23,"3,425","1,806,971"
2018.02.26,"3,450","762,432"
2018.02.27,"3,535","1,485,298"
2018.02.28,"3,420","1,023,862"
2018.03.02,"3,405","680,807"
2018.03.05,"3,260","1,096,526"
2018.03.06,"3,385","744,352"
2018.03.07,"3,280","714,256"
2018.03.08,"3,310","519,626"
2018.03.09,"3,405","768,968"
2018.03.12,"3,495","763,983"
2018.03.13,"3,460","574,082"
2018.03.14,"3,465","638,093"
2018.03.15,"3,400","872,899"
2018.03.16,"3,310","854,513"
2018.03.19,"3,230","1,167,570"
2018.03.20,"3,165","1,081,010"
2018.03.21,"3,055","1,489,593"
2018.03.22,"3,125","1,705,309"
2018.03.23,"3,000","1,082,075"
2018.03.26,"3,115","861,269"
2018.03.27,"3,170","1,083,105"
2018.03.28,"3,100","921,370"
2018.03.29,"3,090","718,829"
2018.03.30,"3,105","593,350"
2018.04.02,"3,040","526,234"
2018.04.03,"3,100","652,338"
2018.04.04,"2,990","992,342"
2018.04.05,"3,010","531,636"
2018.04.06,"2,955","562,598"
2018.04.09,"2,880","1,126,788"
2018.04.10,"2,850","1,123,584"
2018.04.11,"2,970","1,045,149"
2018.04.12,"2,880","776,604"
2018.04.13,"2,915","656,288"
2018.04.16,"2,890","618,372"
2018.04.17,"2,825","928,424"
2018.04.18,"2,790","982,060"
2018.04.19,"2,800","870,452"
2018.04.20,"2,760","1,006,479"
2018.04.23,"2,960","2,372,202"
2018.04.24,"2,870","1,083,196"
2018.04.25,"2,805","1,080,128"
2018.04.26,"2,860","637,952"
2018.04.27,"2,785","774,090"
2018.04.30,"2,950","1,968,321"
2018.05.02,"3,480","10,635,523"
2018.05.03,"3,155","6,124,871"
2018.05.04,"3,360","13,583,138"
2018.05.08,"3,100","3,145,970"
2018.05.09,"3,080","2,291,340"
2018.05.10,"3,225","3,474,602"
2018.05.11,"3,225","2,384,817"
2018.05.14,"3,195","1,852,610"
2018.05.15,"3,375","7,118,378"
2018.05.16,"3,070","3,594,428"
2018.05.17,"3,105","1,841,535"
2018.05.18,"3,115","1,707,318"
2018.05.21,"3,160","2,998,494"
2018.05.23,"3,115","1,334,904"
2018.05.24,"3,040","1,551,469"
2018.05.25,"2,900","1,880,533"
2018.05.28,"3,105","3,172,773"
2018.05.29,"3,010","1,574,665"
2018.05.30,"2,955","1,539,535"
2018.05.31,"2,980","1,132,754"
2018.06.01,"2,915","1,166,684"
2018.06.04,"2,870","924,782"
2018.06.05,"2,925","889,054"
2018.06.07,"3,020","1,457,836"
2018.06.08,"2,965","1,546,473"
2018.06.11,"3,020","947,514"
2018.06.12,"2,985","1,157,183"
2018.06.14,"2,985","976,390"
2018.06.15,"2,970","937,678"
2018.06.18,"2,855","1,131,784"
2018.06.19,"2,740","1,123,467"
2018.06.20,"2,800","604,755"
2018.06.21,"2,620","1,097,962"
2018.06.22,"2,580","1,068,476"
2018.06.25,"2,640","444,471"
2018.06.26,"2,600","832,167"
2018.06.27,"2,490","806,544"
2018.06.28,"2,360","1,130,142"
2018.06.29,"2,475","814,398"
2018.07.02,"2,360","947,761"
2018.07.03,"2,365","814,768"
2018.07.04,"2,365","375,034"
2018.07.05,"2,310","741,326"
2018.07.06,"2,375","676,124"
2018.07.09,"2,295","794,472"
2018.07.10,"2,340","529,494"
2018.07.11,"2,300","515,421"
2018.07.12,"2,290","448,119"
2018.07.13,"2,325","432,096"
2018.07.16,"2,310","324,231"
2018.07.17,"2,265","624,536"
2018.07.18,"2,270","611,998"
2018.07.19,"2,260","649,174"
2018.07.20,"2,280","507,960"
2018.07.23,"2,175","706,044"
2018.07.24,"2,230","556,691"
2018.07.25,"2,175","652,340"
2018.07.26,"2,230","600,333"
2018.07.27,"2,240","406,643"
2018.07.30,"2,300","595,657"
2018.07.31,"2,400","1,450,162"
2018.08.01,"2,440","644,785"
2018.08.02,"2,365","693,255"
2018.08.03,"2,345","387,894"
2018.08.06,"2,350","576,197"
2018.08.07,"2,330","335,365"
2018.08.08,"2,345","424,917"
2018.08.09,"2,320","321,427"
2018.08.10,"2,310","513,226"
2018.08.13,"2,200","797,216"
2018.08.14,"2,205","419,756"
2018.08.16,"2,200","500,404"
2018.08.17,"2,280","524,257"
2018.08.20,"2,315","443,789"
2018.08.21,"2,320","499,125"
2018.08.22,"2,295","376,724"
2018.08.23,"2,315","353,256"
2018.08.24,"2,295","382,913"
2018.08.27,"2,240","751,541"
2018.08.28,"2,240","452,665"
2018.08.29,"2,270","318,327"
2018.08.30,"2,290","517,752"
2018.08.31,"2,285","472,515"
2018.09.03,"2,255","407,555"
2018.09.04,"2,235","496,428"
2018.09.05,"2,215","463,888"
2018.09.06,"2,210","786,895"
2018.09.07,"2,235","590,778"
2018.09.10,"2,245","502,074"
2018.09.11,"2,345","1,485,874"
2018.09.12,"2,250","1,103,066"
2018.09.13,"2,300","861,427"
2018.09.14,"2,270","503,409"
2018.09.17,"2,230","680,742"
2018.09.18,"2,215","539,203"
2018.09.19,"2,150","861,161"
2018.09.20,"2,095","992,945"
2018.09.21,"2,145","712,287"
2018.09.27,"2,125","461,340"
2018.09.28,"2,070","690,260"
2018.10.01,"2,045","430,401"
2018.10.02,"1,970","932,256"
2018.10.04,"1,870","1,034,330"
2018.10.05,"1,860","604,409"
2018.10.08,"1,875","328,836"
2018.10.10,"1,770","638,234"
2018.10.11,"1,740","1,111,837"
2018.10.12,"1,750","502,325"
2018.10.15,"1,700","501,460"
2018.10.16,"1,745","409,763"
2018.10.17,"1,840","621,380"
2018.10.18,"1,800","361,397"
2018.10.19,"1,840","331,737"
2018.10.22,"1,815","227,336"
2018.10.23,"1,730","386,103"
2018.10.24,"1,720","738,098"
2018.10.25,"1,755","630,467"
2018.10.26,"1,685","530,252"
2018.10.29,"1,750","4,286,058"
2018.10.30,"1,925","4,462,644"
2018.10.31,"1,945","4,826,479"
2018.11.01,"1,895","1,858,480"
2018.11.02,"1,945","2,771,977"
2018.11.05,"1,890","1,605,726"
2018.11.06,"1,840","976,916"
2018.11.07,"1,810","845,412"
2018.11.08,"1,795","1,091,736"
2018.11.09,"1,745","756,182"
2018.11.12,"1,730","663,952"
2018.11.13,"1,695","851,406"
2018.11.14,"1,650","814,624"
2018.11.15,"1,605","1,352,869"
2018.11.16,"1,620","740,504"
2018.11.19,"1,695","2,268,007"
2018.11.20,"1,645","997,017"
2018.11.21,"1,645","752,400"
2018.11.22,"1,640","503,006"
2018.11.23,"1,620","494,863"
2018.11.26,"1,865","4,350,490"
2018.11.27,"1,825","1,335,553"
2018.11.28,"1,860","1,571,673"
2018.11.29,"1,825","961,204"
2018.11.30,"1,825","414,901"
2018.12.03,"1,875","782,585"
2018.12.04,"1,850","493,450"
2018.12.05,"1,840","434,227"
2018.12.06,"1,770","568,954"
2018.12.07,"1,745","389,722"
2018.12.10,"1,660","440,308"
2018.12.11,"1,640","399,739"
2018.12.12,"1,710","317,336"
2018.12.13,"1,730","534,149"
2018.12.14,"1,680","265,002"
2018.12.17,"1,720","391,996"
2018.12.18,"1,665","335,591"
2018.12.19,"1,655","362,190"
2018.12.20,"1,595","511,812"
2018.12.21,"1,575","296,069"
2018.12.24,"1,585","311,387"
2018.12.26,"1,565","625,503"
2018.12.27,"1,570","348,627"
2018.12.28,"1,575","393,748"
2019.01.02,"1,490","663,527"
2019.01.03,"1,470","491,888"
2019.01.04,"1,465","512,943"
2019.01.07,"1,475","426,046"
2019.01.08,"1,455","325,267"
2019.01.09,"1,490","1,956,094"
2019.01.10,"1,430","978,525"
2019.01.11,"1,435","389,463"
2019.01.14,"1,395","659,173"
2019.01.15,"1,425","375,971"
2019.01.16,"1,525","3,618,651"
2019.01.17,"1,510","594,189"
2019.01.18,"1,515","532,420"
2019.01.21,"1,550","569,405"
2019.01.22,"1,510","583,785"
2019.01.23,"1,500","472,621"
2019.01.24,"1,510","377,625"
2019.01.25,"1,560","808,346"
2019.01.28,"1,535","556,555"
2019.01.29,"1,515","478,255"
2019.01.30,"1,555","711,254"
2019.01.31,"1,525","540,116"
2019.02.01,"1,525","605,227"
2019.02.07,"1,575","738,890"
2019.02.08,"1,600","836,311"
2019.02.11,"1,570","542,862"
2019.02.12,"1,610","845,478"
2019.02.13,"1,615","552,667"
2019.02.14,"1,610","624,613"
2019.02.15,"1,570","490,837"
2019.02.18,"1,615","550,460"
2019.02.19,"1,610","521,671"
2019.02.20,"1,610","452,953"
2019.02.21,"1,510","1,596,493"
2019.02.22,"1,455","1,300,059"
2019.02.25,"1,505","659,210"
2019.02.26,"1,505","485,248"
2019.02.27,"1,495","383,095"
2019.02.28,"1,480","764,214"
2019.03.04,"1,505","384,074"
2019.03.05,"1,480","385,217"
2019.03.06,"1,460","499,517"
2019.03.07,"1,425","700,082"
2019.03.08,"1,400","559,298"
2019.03.11,"1,445","394,547"
2019.03.12,"1,475","599,218"
2019.03.13,"1,470","372,226"
2019.03.14,"1,455","729,355"
2019.03.15,"1,410","609,650"
2019.03.18,"1,400","667,089"
2019.03.19,"1,360","1,077,085"
2019.03.20,"1,385","561,413"
2019.03.21,"1,350","477,834"
2019.03.22,"1,345","266,781"
2019.03.25,"1,300","611,495"
2019.03.26,"1,290","542,923"
2019.03.27,"1,320","1,278,957"
2019.03.28,"1,315","516,349"
2019.03.29,"1,300","428,292"
2019.04.01,"1,330","490,175"
2019.04.02,"1,345","502,139"
2019.04.03,"1,375","2,274,884"
2019.04.04,"1,370","607,158"
2019.04.05,"1,405","1,594,121"
2019.04.08,"1,380","428,200"
2019.04.09,"1,365","484,063"
2019.04.10,"1,335","945,793"
2019.04.11,"1,330","818,283"
2019.04.12,"1,340","611,269"
2019.04.15,"1,340","433,591"
2019.04.16,"1,320","516,340"
2019.04.17,"1,355","527,994"
2019.04.18,"1,320","626,185"
2019.04.19,"1,345","517,475"
2019.04.22,"1,380","1,265,611"
2019.04.23,"1,335","482,467"
2019.04.24,"1,355","602,503"
2019.04.25,"1,335","334,176"
2019.04.26,"1,315","361,552"
2019.04.29,"1,320","439,509"
2019.04.30,"1,335","335,177"
2019.05.02,"1,330","385,597"
2019.05.03,"1,310","307,274"
2019.05.07,"1,285","573,297"
2019.05.08,"1,275","295,617"
2019.05.09,"1,230","861,429"
2019.05.10,"1,240","400,251"
2019.05.13,"1,210","299,346"
2019.05.14,"1,195","498,720"
2019.05.15,"1,205","387,394"
2019.05.16,"1,180","467,988"
2019.05.17,"1,175","465,189"
2019.05.20,"1,220","916,000"
2019.05.21,"1,255","783,556"
2019.05.22,"1,220","538,544"
2019.05.23,"1,205","309,532"
2019.05.24,"1,220","314,976"
2019.05.27,"1,225","196,494"
2019.05.28,"1,230","389,823"
2019.05.29,"1,190","511,701"
2019.05.30,"1,180","368,554"
2019.05.31,"1,180","474,608"
2019.06.03,"1,175","440,914"
2019.06.04,"1,190","340,188"
2019.06.05,"1,230","536,114"
2019.06.07,"1,235","219,612"
2019.06.10,"1,290","1,075,593"
2019.06.11,"1,320","1,589,281"
2019.06.12,"1,285","548,907"
2019.06.13,"1,280","3,990,120"
2019.06.14,"1,270","476,613"
2019.06.17,"1,300","1,124,572"
2019.06.18,"1,290","501,575"
2019.06.19,"1,280","635,233"
2019.06.20,"1,270","483,012"
2019.06.21,"1,230","561,677"
2019.06.24,"1,225","203,095"
2019.06.25,"1,205","386,299"
2019.06.26,"1,195","352,302"
2019.06.27,"1,225","374,758"
2019.06.28,"1,225","333,050"
2019.07.01,"1,240","220,184"
2019.07.02,"1,215","367,103"
2019.07.03,"1,210","264,163"
2019.07.04,"1,180","465,096"
2019.07.05,"1,180","131,654"
2019.07.08,"1,125","643,959"
2019.07.09,"1,115","350,258"
2019.07.10,"1,115","338,209"
2019.07.11,"1,140","473,896"
2019.07.12,"1,145","219,664"
2019.07.15,"1,120","427,826"
2019.07.16,"1,130","368,450"
2019.07.17,"1,075","700,330"
2019.07.18,"1,090","407,228"
2019.07.19,"1,085","315,476"
2019.07.22,"1,080","234,768"
2019.07.23,"1,075","266,516"
2019.07.24,"1,050","306,342"
2019.07.25,"1,065","625,109"
2019.07.26,"1,030","421,893"
2019.07.29,983,"586,714"
2019.07.30,999,"412,303"
2019.07.31,999,"295,375"
2019.08.01,985,"231,626"
2019.08.02,964,"427,345"
2019.08.05,863,"808,325"
2019.08.06,842,"1,216,755"
2019.08.07,859,"527,996"
2019.08.08,881,"430,183"
2019.08.09,876,"189,840"
2019.08.12,885,"206,989"
2019.08.13,875,"262,530"
2019.08.14,888,"154,327"
2019.08.16,854,"514,553"
2019.08.19,865,"265,270"
2019.08.20,926,"655,788"
2019.08.21,950,"489,886"
2019.08.22,984,"569,751"
2019.08.23,965,"1,116,733"
2019.08.26,920,"443,473"
2019.08.27,924,"198,385"
2019.08.28,925,"97,817"
2019.08.29,895,"409,391"
2019.08.30,919,"184,001"
2019.09.02,920,"130,646"
2019.09.03,930,"123,116"
2019.09.04,932,"112,635"
2019.09.05,934,"171,678"
2019.09.06,934,"195,283"
2019.09.09,932,"132,042"
2019.09.10,926,"114,867"
2019.09.11,946,"190,115"
2019.09.16,960,"293,793"
2019.09.17,963,"246,696"
2019.09.18,977,"1,104,910"
2019.09.19,966,"399,129"
2019.09.20,950,"312,051"
2019.09.23,941,"208,456"
2019.09.24,946,"186,781"
2019.09.25,912,"492,687"
2019.09.26,910,"257,963"
2019.09.27,852,"870,361"
2019.09.30,832,"352,531"
2019.10.01,861,"184,490"
2019.10.02,845,"237,360"
2019.10.04,835,"172,296"
2019.10.07,820,"330,505"
2019.10.08,834,"288,957"
2019.10.10,826,"140,449"
2019.10.11,830,"125,258"
2019.10.14,845,"305,084"
2019.10.15,851,"151,262"
2019.10.16,852,"160,599"
2019.10.17,848,"144,538"
2019.10.18,853,"71,484"
2019.10.21,833,"152,811"
2019.10.22,825,"287,216"
2019.10.23,820,"235,654"
2019.10.24,820,"185,113"
2019.10.25,816,"99,237"
2019.10.28,833,"252,227"
2019.10.29,828,"115,152"
2019.10.30,823,"190,049"
2019.10.31,831,"210,665"
2019.11.01,825,"132,486"
2019.11.04,840,"213,770"
2019.11.05,848,"203,004"
2019.11.06,841,"365,218"
2019.11.07,834,"119,831"
2019.11.08,835,"141,101"
2019.11.11,863,"418,475"
2019.11.12,"1,120","26,677,305"
2019.11.13,"1,070","9,639,319"
2019.11.14,"1,035","4,877,799"
2019.11.15,984,"3,064,935"
2019.11.18,"1,010","5,113,385"
2019.11.19,971,"1,329,472"
2019.11.20,955,"939,463"
2019.11.21,945,"585,996"
2019.11.22,970,"7,356,456"
2019.11.25,966,"983,215"
2019.11.26,"1,005","2,151,102"
2019.11.27,"1,000","1,776,986"
2019.11.28,964,"904,153"
2019.11.29,965,"534,866"
2019.12.02,966,"1,343,791"
2019.12.03,957,"327,954"
2019.12.04,942,"359,763"
2019.12.05,947,"462,752"
2019.12.06,954,"240,965"
2019.12.09,979,"330,983"
2019.12.10,972,"372,716"
2019.12.11,968,"304,688"
2019.12.12,"1,020","1,283,087"
2019.12.13,"1,020","685,157"
2019.12.16,"1,015","582,886"
2019.12.17,"1,010","865,316"
2019.12.18,"1,000","477,427"
2019.12.19,"1,010","334,556"
2019.12.20,988,"4,603,817"
2019.12.23,"1,000","703,640"
2019.12.24,970,"663,780"
2019.12.26,978,"291,389"
2019.12.27,993,"257,420"
2019.12.30,"1,005","306,496"
2020.01.02,"1,015","516,471"
2020.01.03,"1,010","383,921"
2020.01.06,"1,005","364,747"
2020.01.07,"1,045","2,040,994"
2020.01.08,999,"1,411,695"
2020.01.09,"1,045","1,365,931"
2020.01.10,"1,020","801,875"
2020.01.13,"1,025","371,550"
2020.01.14,"1,030","891,484"
2020.01.15,"1,050","844,030"
2020.01.16,"1,055","523,706"
2020.01.17,"1,040","474,799"
2020.01.20,"1,015","575,843"
2020.01.21,"1,005","522,221"
2020.01.22,"1,005","675,382"
2020.01.23,"1,000","272,379"
2020.01.28,957,"806,389"
2020.01.29,969,"277,652"
2020.01.30,951,"371,760"
2020.01.31,913,"620,707"
2020.02.03,914,"490,367"
2020.02.04,950,"238,290"
2020.02.05,954,"201,983"
2020.02.06,960,"189,238"
2020.02.07,960,"185,422"
2020.02.10,970,"182,763"
2020.02.11,986,"335,007"
2020.02.12,"1,005","729,590"
2020.02.13,999,"362,343"
2020.02.14,995,"274,873"
2020.02.17,986,"350,377"
2020.02.18,982,"171,653"
2020.02.19,964,"395,571"
2020.02.20,952,"300,190"
2020.02.21,940,"385,693"
2020.02.24,874,"567,181"
2020.02.25,888,"262,297"
2020.02.26,900,"164,852"
2020.02.27,881,"142,268"
2020.02.28,828,"575,232"
2020.03.02,833,"247,127"
2020.03.03,847,"169,331"
2020.03.04,859,"111,478"
2020.03.05,892,"192,259"
2020.03.06,872,"198,519"
2020.03.09,830,"290,779"
2020.03.10,827,"290,593"
2020.03.11,813,"203,360"
2020.03.12,751,"603,291"
2020.03.13,726,"1,033,192"
2020.03.16,738,"328,784"
2020.03.17,722,"358,318"
2020.03.18,694,"281,480"
2020.03.19,604,"942,783"
2020.03.20,617,"747,042"
2020.03.23,600,"631,277"
2020.03.24,630,"589,626"
2020.03.25,696,"659,887"
2020.03.26,720,"565,448"
2020.03.27,705,"671,574"
2020.03.30,708,"347,301"
2020.03.31,748,"681,309"
2020.04.01,760,"1,061,782"
2020.04.02,769,"297,302"
2020.04.03,797,"1,085,712"
2020.04.06,792,"548,315"
2020.04.07,800,"505,988"
2020.04.08,794,"282,739"
2020.04.09,818,"319,468"
2020.04.10,816,"535,352"
2020.04.13,793,"314,544"
2020.04.14,810,"323,408"
2020.04.16,856,"1,040,116"
2020.04.17,965,"7,537,775"
2020.04.20,966,"1,076,330"
2020.04.21,933,"962,187"
2020.04.22,939,"639,233"
2020.04.23,933,"449,976"
2020.04.24,909,"410,793"
2020.04.27,903,"482,361"
2020.04.28,900,"478,382"
2020.04.29,925,"496,933"
2020.05.04,910,"215,690"
2020.05.06,920,"437,716"
2020.05.07,"1,020","3,104,617"
2020.05.08,"1,065","2,716,625"
2020.05.11,"1,060","1,897,041"
2020.05.12,"1,025","1,151,178"
2020.05.13,"1,025","377,744"
2020.05.14,"1,015","1,355,101"
2020.05.15,"1,015","472,906"
2020.05.18,"1,085","1,647,340"
2020.05.19,"1,070","898,619"
2020.05.20,"1,070","1,367,490"
2020.05.21,"1,350","44,249,110"
2020.05.22,"1,240","11,752,420"
2020.05.25,"1,290","6,908,898"
2020.05.26,"1,410","15,085,083"
2020.05.27,"1,830","6,476,782"
2020.05.28,"1,975","54,118,152"
2020.05.29,"2,015","14,701,412"
2020.06.01,"2,015","13,760,582"
2020.06.02,"2,010","5,053,406"
2020.06.03,"1,965","3,908,518"
2020.06.04,"1,830","7,769,860"
2020.06.05,"1,835","2,841,846"
2020.06.08,"1,865","4,250,166"
2020.06.09,"1,750","4,204,854"
2020.06.10,"1,655","8,705,908"
2020.06.11,"1,620","3,318,170"
2020.06.12,"1,580","4,834,161"
2020.06.15,"1,410","3,753,206"
2020.06.16,"1,505","2,925,567"
2020.06.17,"1,460","2,344,516"
2020.06.18,"1,505","9,663,821"
2020.06.19,"1,510","2,225,275"
2020.06.22,"1,625","13,943,496"
2020.06.23,"1,740","9,318,403"
2020.06.24,"1,700","5,684,411"
2020.06.25,"1,585","5,139,553"
2020.06.26,"1,810","103,045,728"
2020.06.29,"1,705","14,425,110"
2020.06.30,"1,645","6,946,764"
2020.07.01,"1,595","7,065,649"
2020.07.02,"1,625","2,142,895"
2020.07.03,"1,585","2,472,683"
2020.07.06,"1,595","1,613,964"
2020.07.07,"1,640","5,492,013"
2020.07.08,"1,650","3,157,792"
2020.07.09,"1,740","43,507,972"
2020.07.10,"1,720","6,153,590"
2020.07.13,"1,940","18,045,852"
2020.07.14,"1,765","24,344,081"
2020.07.15,"1,765","4,962,905"
2020.07.16,"1,840","16,400,239"
2020.07.17,"1,955","26,213,625"
2020.07.20,"1,950","29,265,663"
2020.07.21,"2,185","73,975,303"
2020.07.22,"2,310","90,408,620"
2020.07.23,"2,250","19,738,476"
2020.07.24,"2,100","9,840,020"
2020.07.27,"2,160","9,537,387"
2020.07.28,"2,180","8,542,725"
2020.07.29,"2,140","4,793,266"
2020.07.30,"2,105","3,855,152"
2020.07.31,"2,030","3,543,606"
2020.08.03,"2,100","5,522,378"
2020.08.04,"2,110","4,996,546"
2020.08.05,"2,110","3,886,354"
2020.08.06,"2,090","3,179,817"
2020.08.07,"2,040","2,880,235"
2020.08.10,"2,080","4,325,623"
2020.08.11,"2,095","4,531,953"
2020.08.12,"2,175","11,375,349"
2020.08.13,"2,160","6,190,477"
2020.08.14,"2,105","2,913,727"
2020.08.18,"1,915","4,720,330"
2020.08.19,"2,405","35,949,723"
2020.08.20,"2,485","42,678,839"
2020.08.21,"2,550","24,362,044"
2020.08.24,"3,130","61,142,838"
2020.08.25,"3,130","39,117,700"
2020.08.26,"3,980","79,441,555"
2020.08.27,"4,405","98,793,987"
2020.08.28,"4,160","24,443,518"
2020.08.31,"4,380","17,952,275"
2020.09.01,"4,265","6,843,164"
2020.09.02,"4,265","11,797,110"
2020.09.03,"4,600","45,515,276"
2020.09.04,"5,980","66,124,893"
2020.09.07,"5,980",0
2020.09.08,"7,150","63,858,407"
2020.09.09,"7,090","36,916,342"
2020.09.10,"7,140","14,310,287"
2020.09.11,"7,180","9,121,194"
2020.09.14,"6,780","8,362,999"
2020.09.15,"6,400","17,581,477"
2020.09.16,"6,710","23,831,413"
2020.09.17,"6,710","8,165,430"
2020.09.18,"6,600","8,451,416"
2020.09.21,"5,990","12,136,420"
2020.09.22,"5,480","14,762,884"
2020.09.23,"5,150","14,756,422"
2020.09.24,"5,160","19,312,765"
2020.09.25,"4,750","10,314,703"
2020.09.28,"5,180","21,446,287"
2020.09.29,"5,160","11,030,403"
2020.10.05,"5,420","24,763,208"
2020.10.06,"5,630","10,655,904"
2020.10.07,"5,970","16,283,173"
2020.10.08,"6,180","28,716,608"
2020.10.12,"6,240","29,718,011"
2020.10.13,"6,240","15,536,510"
2020.10.14,"6,030","8,019,258"
2020.10.15,"6,620","57,296,352"
2020.10.16,"5,890","18,499,161"
2020.10.19,"5,110","15,954,199"
2020.10.20,"5,410","19,673,627"
2020.10.21,"5,340","5,386,580"
2020.10.22,"5,040","5,446,578"
2020.10.23,"4,980","4,612,100"
2020.10.26,"4,790","5,726,578"
2020.10.27,"4,835","9,796,638"
2020.10.28,"5,310","17,464,485"
2020.10.29,"5,320","7,982,049"
2020.10.30,"5,130","4,170,014"
2020.11.02,"5,330","5,557,245"
2020.11.03,"5,340","6,997,804"
2020.11.04,"4,865","15,425,826"
2020.11.05,"5,220","12,229,390"
2020.11.06,"5,530","24,353,743"
2020.11.09,"5,830","21,457,281"
2020.11.10,"5,910","16,301,105"
2020.11.11,"5,710","6,587,861"
2020.11.12,"5,590","5,095,905"
2020.11.13,"5,500","5,148,963"
2020.11.16,"5,390","4,133,278"
2020.11.17,"5,430","5,015,230"
2020.11.18,"5,740","12,670,797"
2020.11.19,"5,620","5,541,990"
2020.11.20,"5,600","4,632,012"
2020.11.23,"5,480","3,868,745"
2020.11.24,"5,620","9,981,257"
2020.11.25,"5,460","4,675,047"
2020.11.26,"5,430","2,752,248"
2020.11.27,"5,430","12,581,806"
2020.11.30,"5,620","5,225,186"
2020.12.01,"5,520","2,522,340"
2020.12.02,"5,450","2,273,913"
2020.12.03,"5,330","2,803,136"
2020.12.04,"5,200","3,220,482"
2020.12.07,"5,280","3,286,692"
2020.12.08,"5,170","2,192,563"
2020.12.09,"5,250","5,112,430"
2020.12.10,"5,230","1,734,360"
2020.12.11,"5,280","7,957,683"
2020.12.14,"5,190","2,404,283"
2020.12.15,"5,130","1,842,964"
2020.12.16,"5,210","3,029,703"
2020.12.17,"5,290","8,133,906"
2020.12.18,"5,220","2,549,166"
2020.12.21,"5,100","2,337,839"
2020.12.22,"4,920","3,070,889"
2020.12.23,"4,815","2,486,937"
2020.12.24,"4,725","3,553,681"
2020.12.28,"4,525","4,527,784"
2020.12.29,"4,725","3,306,723"
2020.12.30,"4,900","2,250,814"
2021.01.04,"4,945","2,029,844"
2021.01.05,"5,200","7,900,451"
2021.01.06,"5,120","3,513,934"
2021.01.07,"5,190","3,550,927"
2021.01.08,"5,120","2,689,937"
2021.01.11,"4,910","4,033,652"
2021.01.12,"4,765","2,056,047"
2021.01.13,"4,860","1,574,027"
2021.01.14,"4,845","1,283,110"
2021.01.15,"4,815","1,510,495"
2021.01.18,"4,670","1,639,886"
2021.01.19,"5,030","3,731,953"
2021.01.20,"4,935","2,669,280"
2021.01.21,"4,835","2,193,925"
2021.01.22,"4,770","2,052,841"
2021.01.25,"4,790","1,544,900"
2021.01.26,"4,655","2,170,924"
2021.01.27,"4,595","2,296,272"
2021.01.28,"4,345","2,781,741"
2021.01.29,"4,030","4,834,590"
2021.02.01,"4,100","2,322,868"
2021.02.02,"4,035","2,169,698"
2021.02.03,"3,980","2,085,054"
2021.02.04,"3,890","2,548,332"
2021.02.05,"4,575","42,915,841"
2021.02.08,"4,810","30,348,703"
2021.02.09,"4,650","6,088,021"
2021.02.10,"4,770","6,994,679"
2021.02.15,"4,800","3,949,502"
2021.02.16,"4,725","2,710,277"
2021.02.17,"4,665","2,232,699"
2021.02.18,"4,715","6,685,457"
2021.02.19,"4,580","2,132,927"
2021.02.22,"4,300","3,032,046"
2021.02.23,"4,120","2,241,321"
2021.02.24,"3,960","2,115,144"
2021.02.25,"4,095","1,479,816"
2021.02.26,"3,935","2,031,421"
2021.03.02,"3,995","1,006,224"
2021.03.03,"4,020","1,064,917"
2021.03.04,"3,925","963,349"
2021.03.05,"3,815","2,025,765"
2021.03.08,"3,600","1,863,141"
2021.03.09,"3,510","3,092,780"
2021.03.10,"3,945","21,147,059"
2021.03.11,"3,770","2,926,515"
2021.03.12,"3,995","7,023,185"
2021.03.15,"4,065","2,807,858"
2021.03.16,"4,075","4,557,685"
2021.03.17,"4,070","1,043,952"
2021.03.18,"4,100","1,132,511"
2021.03.19,"3,965","1,942,773"
2021.03.22,"4,020","1,193,974"
2021.03.23,"3,960","1,524,658"
2021.03.24,"4,230","4,492,488"
2021.03.25,"4,320","4,045,003"
2021.03.26,"4,305","1,742,122"
2021.03.29,"4,355","2,659,585"
2021.03.30,"4,230","2,948,834"
2021.03.31,"4,285","2,421,329"
2021.04.01,"4,150","1,616,941"
2021.04.02,"4,100","1,145,543"
2021.04.05,"4,130","1,241,428"
2021.04.06,"4,100","851,759"
2021.04.07,"4,130","1,280,184"
2021.04.08,"4,240","1,957,391"
2021.04.09,"4,185","1,435,676"
2021.04.12,"4,305","3,046,882"
2021.04.13,"4,275","1,661,398"
2021.04.14,"4,330","2,222,390"
2021.04.15,"4,245","1,229,611"
2021.04.16,"4,390","4,965,367"
2021.04.19,"4,425","2,707,947"
2021.04.20,"4,450","1,375,100"
2021.04.21,"4,415","1,707,678"
2021.04.22,"4,455","3,505,753"
2021.04.23,"4,350","2,183,716"
2021.04.26,"4,320","1,341,853"
2021.04.27,"4,230","1,350,532"
2021.04.28,"4,120","1,519,162"
2021.04.29,"4,085","881,849"
2021.04.30,"4,095","806,216"
2021.05.03,"4,055","793,237"
2021.05.04,"4,130","1,059,042"
2021.05.06,"4,240","1,291,295"
2021.05.07,"4,240","7,416,773"
2021.05.10,"4,220","1,621,756"
2021.05.11,"4,170","813,855"
2021.05.12,"4,100","1,335,703"
2021.05.13,"4,000","946,879"
2021.05.14,"4,000","430,211"
2021.05.17,"4,005","588,847"
2021.05.18,"3,970","772,589"
2021.05.20,"4,075","726,883"
2021.05.21,"4,060","548,871"
2021.05.24,"4,125","1,495,210"
2021.05.25,"4,165","782,276"
2021.05.26,"4,220","1,434,804"
2021.05.27,"4,270","1,980,890"
2021.05.28,"4,330","2,116,887"
2021.05.31,"4,245","2,613,802"
2021.06.01,"4,320","1,818,723"
2021.06.02,"4,280","1,220,966"
2021.06.03,"4,245","1,083,900"
2021.06.04,"4,315","1,957,958"
2021.06.07,"4,655","20,733,006"
2021.06.08,"4,555","6,721,156"
2021.06.09,"4,555","3,274,016"
2021.06.10,"4,450","3,751,209"
2021.06.11,"4,280","4,847,339"
2021.06.14,"4,245","2,596,424"
2021.06.15,"4,170","1,614,012"
2021.06.16,"4,200","1,029,682"
2021.06.17,"4,130","1,468,857"
2021.06.18,"4,130","1,236,750"
2021.06.21,"4,040","1,307,434"
2021.06.22,"4,010","1,345,115"
2021.06.23,"4,000","1,139,507"
2021.06.24,"4,005","1,412,409"
2021.06.25,"4,000","986,725"
2021.06.28,"3,980","911,226"
2021.06.29,"4,005","1,025,294"
2021.06.30,"4,020","1,045,791"
2021.07.01,"3,970","1,048,511"
2021.07.02,"3,955","963,271"
2021.07.05,"3,955","813,216"
2021.07.06,"4,055","1,837,009"
2021.07.07,"3,995","826,711"
2021.07.08,"3,885","1,486,497"
2021.07.09,"3,770","1,556,323"
2021.07.12,"3,840","636,957"
2021.07.13,"3,935","994,150"
2021.07.14,"3,900","590,402"
2021.07.15,"3,870","771,671"
2021.07.16,"3,795","918,886"
2021.07.19,"3,765","727,249"
2021.07.20,"3,830","1,789,188"
2021.07.21,"3,765","787,014"
2021.07.22,"3,780","621,618"
2021.07.23,"3,775","512,467"
2021.07.26,"3,695","919,563"
2021.07.27,"3,700","643,365"
2021.07.28,"3,600","1,054,797"
2021.07.29,"3,605","606,149"
2021.07.30,"3,535","1,033,219"
2021.08.02,"3,600","827,149"
2021.08.03,"3,575","579,839"
2021.08.04,"3,610","610,666"
2021.08.05,"3,755","2,151,415"
2021.08.06,"3,680","853,058"
2021.08.09,"3,610","699,138"
2021.08.10,"3,550","654,123"
2021.08.11,"3,520","527,844"
2021.08.12,"3,585","971,844"
2021.08.13,"3,520","1,691,846"
2021.08.17,"3,390","942,249"
2021.08.18,"3,425","873,482"
2021.08.19,"3,240","1,457,898"
2021.08.20,"3,105","1,077,563"
2021.08.23,"3,185","590,732"
2021.08.24,"3,315","697,907"
2021.08.25,"3,415","1,110,253"
2021.08.26,"3,355","602,718"
2021.08.27,"3,445","839,634"
2021.08.30,"3,535","626,245"
2021.08.31,"3,555","660,959"
2021.09.01,"3,560","474,948"
2021.09.02,"3,585","595,110"
2021.09.03,"3,590","386,485"
2021.09.06,"3,635","655,319"
2021.09.07,"3,640","1,274,491"
2021.09.08,"3,590","720,374"
2021.09.09,"3,610","775,241"
2021.09.10,"3,550","629,130"
2021.09.13,"3,430","603,974"
2021.09.14,"3,500","456,434"
2021.09.15,"3,460","881,102"
2021.09.16,"3,440","431,687"
2021.09.17,"3,440","472,797"
2021.09.23,"3,470","534,792"
2021.09.24,"3,470","642,451"
2021.09.27,"3,545","790,408"
2021.09.28,"3,490","658,232"
2021.09.29,"3,485","461,744"
2021.09.30,"3,540","645,028"
2021.10.01,"3,420","655,422"
2021.10.05,"3,220","946,094"
2021.10.06,"3,210","768,101"
2021.10.07,"3,445","1,271,882"
2021.10.08,"3,350","720,616"
2021.10.12,"3,330","584,200"
2021.10.13,"3,400","685,610"
2021.10.14,"3,625","2,923,427"
2021.10.15,"3,605","1,772,420"
2021.10.18,"3,490","899,655"
2021.10.19,"3,600","1,767,446"
2021.10.20,"3,515","676,007"
2021.10.21,"3,455","619,499"
2021.10.22,"3,350","655,031"
2021.10.25,"3,355","448,407"
2021.10.26,"3,500","1,971,678"
2021.10.27,"3,535","742,705"
2021.10.28,"3,470","1,202,144"
2021.10.29,"3,450","641,021"
2021.11.01,"3,425","484,684"
2021.11.02,"3,415","745,962"
2021.11.03,"3,355","495,714"
2021.11.04,"3,355","862,580"
2021.11.05,"3,275","605,336"
2021.11.08,"3,325","505,594"
2021.11.09,"3,325","305,010"
2021.11.10,"3,200","657,394"
2021.11.11,"3,175","611,949"
2021.11.12,"3,165","486,515"
2021.11.15,"3,145","645,575"
2021.11.16,"3,125","961,791"
2021.11.17,"3,020","965,291"
2021.11.18,"2,950","1,013,528"
2021.11.19,"2,905","867,485"
2021.11.22,"2,940","487,635"
2021.11.23,"2,980","799,275"
2021.11.24,"2,900","828,110"
2021.11.25,"3,035","1,011,182"
2021.11.26,"2,880","877,381"
2021.11.29,"2,805","837,905"
